input_history,input_question,agent_response,is_correct1,is_correct,violations
[],請問你們的退換貨政策是什麼？,JTCG Shop 提供 7 天鑑賞期（含例假日）。商品需保持全新、完整包裝與配件。若為非瑕疵退換貨，可能需自行負擔來回運費。您還需要其他關於退換貨的資訊嗎？,,True,[]
[],保固多久？維修怎麼申請？,臂架與支架類商品享有1年有限保固。非人為損壞的情況下，可以申請檢測與維修。申請時需要提供訂單編號或發票資訊，並備妥故障影片或照片，於線上表單提交RMA。客服會在工作日內回覆檢測與處理方式。需要我幫您提供線上申請的連結或協助其他事項嗎？,,False,['R-4']
[],發票可以開三聯式嗎？要怎麼填統編？,本店提供電子發票，出貨完成後會以Email寄送或可於會員中心下載查詢。如果您需要開立三聯式發票，請在下單時備註統一編號與抬頭。填寫統編時，請直接於備註欄位填入您的統一編號即可。,,True,[]
[],出貨大概幾天？有免運嗎？,"現貨商品通常會在1到2個工作天內出貨。預購商品的出貨時間則依頁面標示為準。如果訂單金額滿NT$1,500，標準運送可享免運費，但離島或外島運費需另計。您還有其他問題嗎？",,True,[]
[],VESA 100x100 的螢幕可以用哪支臂？,"以下是支援 VESA 100x100 的螢幕臂選項：

1. [JTCG 雙螢幕氣壓臂 Pro（支援至 32 吋）](https://example.com/jtcg/p/JTCG-ARM-DUAL-PRO-32)
   - 適用一般 24–32 吋螢幕，超寬螢幕建議使用強化背板。

2. [JTCG 單臂支架 Lite（至 27 吋）](https://example.com/jtcg/p/JTCG-ARM-SINGLE-LITE-27)
   - 適合小型與輕量螢幕，適合桌面空間有限的使用者。

3. [JTCG 超寬螢幕重載臂（至 49 吋）](https://example.com/jtcg/p/JTCG-ARM-ULTRAWIDE-49)
   - 適用 34–49 吋超寬曲面螢幕，建議確認重量與 VESA。

4. [JTCG 壁掛式伸縮臂（至 34 吋）](https://example.com/jtcg/p/JTCG-WALL-ARM-34)
   - 需牆面可承重，建議使用膨脹螺絲與水平儀安裝。

5. [JTCG 筆電托盤＋VESA 轉接組](https://example.com/jtcg/p/JTCG-LAPTOP-VESA-KIT)
   - 可搭配任一支援 VESA 的螢幕臂使用。

請根據您的螢幕尺寸和使用需求選擇合適的螢幕臂。需要我幫您推薦更適合的型號嗎？",,True,[]
[],我的桌板厚 85mm，夾具能裝嗎？,您的桌板厚度是85mm，這個厚度超出了我們夾具的安裝範圍。一般夾具適用的桌板厚度通常較薄，建議您考慮其他安裝方式或使用適合較厚桌板的產品。如果您需要，我可以幫您查找適合您桌板厚度的其他安裝方案。,,False,"['R-3', 'R-4']"
[],我要找真人客服,请问您需要我帮您转接真人客服吗？如果是的话，请提供您的邮箱地址，以便我为您创建支持工单并安排客服人员与您联系。,,True,[]
[],轉真人，謝謝,抱歉，目前轉接真人時發生了一些問題，請您稍後再試或直接聯繫我們的客服技術團隊協助。還有什麼我可以幫您解決的嗎？,,False,['R-2']
[],human agent please,I can connect you to a human support agent. Could you please provide your email address so I can create a support ticket for you?,,True,[]
[],connect to agent,I can help connect you to a human support agent. Could you please provide your email address and a brief summary of the issue or request you have?,,True,[]
[],我想要推薦雙螢幕支架，27 吋,目前我們沒有符合27吋雙螢幕支架的產品。請問您是否有其他需求或想要查詢其他尺寸或類型的螢幕支架呢？,,False,['R-4']
[],34 吋曲面螢幕適合哪一款臂架？,"34 吋曲面螢幕適合以下幾款臂架：

1. JTCG 超寬螢幕重載臂（至 49 吋）
   - 適用 34–49 吋超寬曲面螢幕，建議確認重量與 VESA。
   - 產品連結: https://example.com/jtcg/p/JTCG-ARM-ULTRAWIDE-49

2. JTCG 壁掛式伸縮臂（至 34 吋）
   - 需牆面可承重，建議使用膨脹螺絲與水平儀安裝。
   - 產品連結: https://example.com/jtcg/p/JTCG-WALL-ARM-34

您可以根據您的安裝環境與螢幕重量選擇合適的臂架。需要我幫您了解哪一款的詳細規格嗎？",,True,[]
[],49 吋超寬螢幕有支援的重載臂嗎？,目前我們的產品中沒有支援49吋超寬螢幕的重載臂。您還需要其他尺寸或類型的支援嗎？,,True,[]
[],要壁掛有推薦嗎？,"推薦幾款壁掛式螢幕臂給您參考：

1. JTCG 壁掛式伸縮臂（至 34 吋）
   - 適用螢幕尺寸：最大 34 吋
   - 承重範圍：2-12 公斤
   - VESA 標準：75x75, 100x100
   - 安裝建議：牆面需可承重，建議使用膨脹螺絲與水平儀安裝
   - 連結：https://example.com/jtcg/p/JTCG-WALL-ARM-34

如果您有特定的螢幕尺寸或重量需求，也可以告訴我，我幫您找更合適的款式。",,True,[]
[],有沒有筆電托盤可以接 VESA？,"有一款筆電托盤＋VESA轉接組，型號是 JTCG-LAPTOP-VESA-KIT，可以搭配任一支援 VESA 的螢幕臂使用。您可以參考這個產品：
- 名稱：JTCG 筆電托盤＋VESA 轉接組
- 連結：https://example.com/jtcg/p/JTCG-LAPTOP-VESA-KIT
- 特色：支援 75x75 和 100x100 VESA 標準

如果需要，我可以幫您查詢更多相關產品或提供購買建議。",,True,[]
[],走線管理套件有賣嗎？,"我們有賣走線管理套件，產品名稱是「JTCG 桌面走線管理組」，這是一款通用型走線整理配件，適合臂架與桌面配線收納。套件內含走線套管、魔鬼氈束線帶和桌下托盤。您可以在這裡查看產品詳情和購買：https://example.com/jtcg/p/JTCG-CABLE-MGMT-KIT

如果您需要其他相關產品或有任何問題，也可以告訴我！",,True,[]
[],請問可用 Apple Pay 或 LINE Pay 嗎？,JTCG Shop 支援 Apple Pay 和 LINE Pay 作為付款方式，您可以使用這兩種支付方式進行購買。還有其他需要幫忙的嗎？,,True,[]
[],可以分期付款嗎？,JTCG Shop 支援信用卡（VISA / Master / JCB）、Apple Pay、Google Pay、LINE Pay付款方式。部分銀行提供3期、6期、12期分期付款，實際手續費與門檻會在結帳頁面提示為準。您可以在結帳時查看是否符合分期付款的條件。需要我幫您查詢更多相關資訊嗎？,,True,[]
[],海外寄送香港可以嗎？,目前主要配送範圍是台灣本島，離島和外島的運費與時程會在結帳頁面顯示。至於海外配送（包括香港），需要先透過客服評估可行方案與預估費用。您可以聯繫客服了解具體的海外寄送安排和費用。需要我幫您提供客服聯繫方式嗎？,,True,[]
[],缺貨能設定到貨通知嗎？,缺貨商品頁面可以點選「到貨通知我」，系統會在補貨後以Email通知您。提醒您，到貨通知僅代表商品可下單，實際購買仍需以結帳成功為準。需要我幫您設定到貨通知嗎？,,True,[]
[],有提供到府安裝嗎？,我們在特定地區提供到府安裝服務，安裝由合作廠商執行，費用會依地區與安裝難度另行計算。下單前您可以先與客服確認是否支援您所在的地區。需要我幫您聯繫客服或提供更多資訊嗎？,,True,[]
[],夾具跟穿孔裝哪個比較穩？,"您好，關於夾具和穿孔兩種安裝方式的穩定性比較，通常夾具安裝是透過夾緊桌面邊緣來固定，安裝方便且不會破壞桌面，但穩定性會受到桌面材質和厚度影響；穿孔安裝則是需要在桌面鑽孔，透過螺絲固定，通常會比夾具更穩固，但安裝較為繁瑣且會對桌面造成永久性損傷。

如果您需要更穩固的固定且不介意在桌面鑽孔，穿孔安裝會是較好的選擇；如果您希望安裝簡便且不破壞桌面，夾具安裝則較適合。

請問您是想了解哪一種產品的安裝方式呢？我可以幫您找相關產品資訊。",,True,[]
[],螢幕 6 公斤可以用哪款？,"螢幕重量約6公斤的話，您可以考慮以下幾款螢幕支架：

1. JTCG 雙螢幕氣壓臂 Pro（支援至 32 吋）
   - 適用一般24–32吋螢幕，超寬螢幕建議使用強化背板。
   - 產品連結: https://example.com/jtcg/p/JTCG-ARM-DUAL-PRO-32

2. JTCG 單臂支架 Lite（至 27 吋）
   - 適合小型與輕量螢幕，桌面空間有限者適用。
   - 產品連結: https://example.com/jtcg/p/JTCG-ARM-SINGLE-LITE-27

3. JTCG 超寬螢幕重載臂（至 49 吋）
   - 適用34–49吋超寬曲面螢幕，建議確認重量與VESA規格。
   - 產品連結: https://example.com/jtcg/p/JTCG-ARM-ULTRAWIDE-49

4. JTCG 壁掛式伸縮臂（至 34 吋）
   - 需牆面可承重，建議使用膨脹螺絲與水平儀安裝。
   - 產品連結: https://example.com/jtcg/p/JTCG-WALL-ARM-34

您可以根據螢幕尺寸與使用環境選擇合適的款式。需要我幫您比較或推薦嗎？",,False,['R-3']
[],氣壓臂張力要怎麼調？,氣壓臂的張力調整方法是使用附贈的六角扳手，順時針或逆時針微調張力，使螢幕能穩定停在常用高度。建議逐步調整，避免一次轉動過多圈數。需要根據螢幕重量和使用習慣來調整張力，確保螢幕能穩定停駐。,,True,[]
[],沒有 VESA 孔怎麼裝？,"如果顯示器沒有 VESA 安裝孔，通常有以下幾種解決方案：

1. 使用 VESA 轉接板：市面上有專門的 VESA 轉接板，可以將沒有 VESA 孔的顯示器固定到轉接板上，再將轉接板安裝到支架上。

2. 選擇夾桌式或重力式支架：這類支架不需要 VESA 孔，直接夾在桌面或利用重力固定顯示器。

3. 使用專用底座或支架：有些支架設計是專門針對特定型號或無 VESA 孔的顯示器，可以直接固定。

您可以告訴我您的顯示器型號或尺寸，我可以幫您找適合的安裝方案或產品。",,True,[]
[],家裡有小孩，使用安全要注意什麼？,"家裡有小孩使用螢幕臂時，安全上要注意以下幾點：
1. 建議夾具加裝保護墊片，避免桌面刮傷。
2. 避免孩童攀爬或懸掛螢幕臂，以防止意外發生。
3. 定期檢查螺絲鎖固狀況，確保螢幕臂穩固安全。

這些措施可以有效提升使用安全，保護孩子和家具。需要我提供更多相關安全建議嗎？",,True,[]
[],壁掛需要什麼牆面條件？,壁掛安裝建議安裝於磚牆或實心牆面；若是石膏板或輕隔間牆面，則需要使用對應的膨脹螺絲或請專業人員安裝。此外，請先評估牆面的承重能力，以確保安全。,,True,[]
[],要申請 RMA 維修怎麼做？,"申請 RMA 維修的流程如下：
1. 請準備好您的訂單編號以及故障的影片或照片。
2. 於線上表單提交 RMA 申請。
3. 客服會在工作日內回覆檢測與處理方式。

如果您需要進一步協助，請告訴我！",,False,['R-4']
[],電子發票可以重發嗎？,電子發票可以在會員中心補發下載。如果需要更改抬頭或統編，請在下單時填寫，若遺漏需於出貨前聯繫客服協助。需要我幫您查詢如何操作或其他相關資訊嗎？,,True,[]
[],公司想大量採購可以報價嗎？,您好！關於大量採購的報價事宜，請問您需要採購的是哪一類產品？例如顯示器支架、配件或其他產品？另外，請問您預計的採購數量是多少？這樣我可以幫您確認相關的報價資訊。,,True,[]
[],退貨流程跟退款時程？,退貨流程是線上提出申請，然後包裝回收，檢查完成後辦理退款。退款時程約為7到14個工作天，具體時間會依支付方式與銀行作業而定。您還需要我幫忙了解如何提出退貨申請嗎？,,True,[]
[],怎麼查物流追蹤？,請問您是想查詢哪一筆訂單的物流追蹤呢？您可以提供訂單編號，或者告訴我您的用戶ID，我可以幫您查詢您的訂單列表，您再選擇要查詢的訂單。,,True,[]
[],會員點數怎麼用？,會員點數可以在結帳時用來抵用購物金額，但不能折換成現金。點數的有效期限和使用規則會在會員中心公告，建議您可以到會員中心查看最新的點數使用細則。需要我幫您查詢會員中心的連結或其他相關資訊嗎？,,True,[]
[],臂架保養清潔怎麼做？,臂架的保養清潔建議使用微濕布擦拭，避免使用含溶劑的清潔劑。平時也要定期檢查關節與螺絲是否鬆動，並適度調整。如果臂架有異音，建議檢查螺絲鎖付與走線是否干涉，必要時可在關節轉點施以少量潤滑，但要注意避免沾染面板。這樣可以保持臂架的良好狀態與使用壽命。需要我幫您查找相關產品或其他資訊嗎？,,True,[]
[],桌深需要多少？牆距要留多少？,一般建議桌深至少60公分，桌面後方保留10到15公分的空間，以利走線與臂架活動。至於牆距，建議安裝於磚牆或實心牆面，若是石膏板或輕隔間牆面，需使用對應的膨脹螺絲或請專業人員安裝，並先評估牆面的承重能力。,,True,[]
[],走線有什麼整理建議？,"走線整理建議如下：
1. 建議沿臂架後側與走線槽固定，預留轉動餘量避免拉扯。
2. 轉接器與變壓器避免懸空，以降低接口受力。
3. 預留10-15cm線材餘量，避免升降時拉扯線材。
4. 桌面後方保留10-15cm空間以利走線與臂架活動。
5. 定期檢查走線是否干涉臂架關節，必要時調整或潤滑關節。

這些方法可以幫助你有效整理走線，避免線材損壞或干擾使用。需要更詳細的建議嗎？",,True,[]
[],贈品沒附到可以補寄嗎？,若您收到的商品未附贈品，請於7日內提供開箱照片與訂單資訊給客服，我們將協助您補寄贈品。,,True,[]
[],VESA 螺絲規格要用多長？,多數螢幕背板的VESA螺絲為M4螺牙，常見長度是10到14毫米；部分大型或電競機型可能使用M6或M8螺絲。實際規格建議以螢幕原廠手冊為準，安裝時要避免螺絲過長頂壓機板。需要我幫您查找特定螢幕的螺絲長度嗎？,,True,[]
[],能跟電動升降桌一起用嗎？,您好！請問您指的是哪一款產品能否跟電動升降桌一起使用呢？方便提供產品名稱或類型嗎？這樣我可以幫您確認相容性。,,True,[]
[],桌後有擋板，夾具還能裝嗎？,您好，請問您說的夾具是指螢幕支架的夾具嗎？如果桌後有擋板，夾具是否能裝上通常取決於夾具的設計和桌子的厚度及擋板的位置。您方便提供桌子的厚度和擋板的高度或位置嗎？這樣我可以幫您確認是否有適合的夾具型號。,,True,[]
[],兩台不同尺寸的螢幕可不可以混搭？,兩台不同尺寸的螢幕是可以混搭的，但建議兩側螢幕的重量相近，以利平衡。如果使用雙臂螢幕架，請分別調整各臂的張力，使兩台螢幕都能穩定停駐。您還需要確認螢幕的VESA規格和重量是否符合臂架的承重範圍。需要我幫您找適合不同尺寸螢幕的螢幕架嗎？,,True,[]
[],包裝內有附哪些工具和零件？,包裝內標配包含臂架本體、夾具/穿孔配件、六角扳手、VESA螺絲組（型號依商品而異）。如果是穿孔安裝，可能還需要自備電鑽與量尺。需要其他配件或備用零件也可以在配件館選購。,,True,[]
[],外箱撞到、零件少了怎麼辦？,如果外箱撞到或零件少了，請您立即拍攝外箱與內容物的狀況，並連同訂單編號於7日內回報客服。我們會協助您更換缺件或安排售後處理。需要幫忙回報或其他協助嗎？,,False,['R-1']
[],下單後想改地址可以嗎？,下單後如果還未出貨，可以由客服協助修改地址。如果訂單已進入出貨流程，可能需要取消訂單並重新下單，具體情況需以系統狀態為準。您需要我幫您聯繫客服協助修改地址嗎？,,True,[]
[],可以取消訂單嗎？,"您可以取消訂單，但需注意以下事項：
- 如果訂單尚未出貨，可以申請取消。
- 如果訂單已出貨，則需要走退貨流程。
- 退款作業約需7至14個工作天，具體時間依支付方式與銀行作業為準。

請問您需要幫忙取消哪一筆訂單呢？如果方便，請提供訂單相關資訊。",,False,['R-1']
[],預購會分批出貨嗎？,預購商品會依頁面標示的時程到貨；如果同一張訂單中同時包含現貨與預購商品，可能會採取分批出貨的方式。運費的計算與是否合併出貨，則以結帳頁面為準。,,True,[]
[],保固需要另外登錄嗎？可以轉移嗎？,部分商品提供線上保固登錄，但保固通常限於原始購買者，不隨轉售而轉移。實際情況請以商品頁面或保固憑證說明為準。需要我幫您查詢特定商品的保固登錄資訊嗎？,,True,[]
[],臂架有異音怎麼處理？,臂架有異音時，輕微的金屬摩擦聲屬於正常磨合現象；若異音明顯，建議您檢查螺絲是否鎖緊以及走線是否有干涉。必要時，可以在關節轉動點施以少量潤滑，但請注意避免沾染到面板。需要進一步協助或維修，也可以準備訂單編號與故障影片或照片，透過線上表單提交維修申請。,,True,[]
[],螺絲、轉接板這些備品能單買嗎？,螺絲、轉接板這些備品是可以單獨購買的，您可以在配件館選購常用耗材與備品（如螺絲組、轉接板、走線配件等）。如果找不到對應的零件，您也可以提供SKU與需求給客服協助。需要我幫您查找相關配件嗎？,,True,[]
[],如果剛買就降價，會補差嗎？,若商品於短期內調降價格，是否提供補差價以活動頁公告為準；不同活動檔期可能不適用價格保護政策。您可以查看當前活動頁的相關公告以確認是否有補差價的安排。需要我幫您查詢目前是否有相關的價格保護活動嗎？,,True,[]
[],你們會怎麼使用我的 Email？,您提供的 Email 僅用於本次服務聯繫與訂單通知，不會用於行銷用途。更多細節可以參考我們的隱私權政策。,,True,[]
[],我想查訂單狀態,請問您可以提供您的用戶ID或訂單號碼嗎？這樣我可以幫您查詢訂單狀態。,,True,[]
[],幫我查一下配送進度,請問您可以提供訂單編號或是您的會員帳號嗎？這樣我才能幫您查詢配送進度。,,True,[]
[],查訂單 JTCG-202508-10001 的明細,請問您能提供您的用戶ID或註冊的電子郵件地址嗎？我需要這些資訊來確認您的身份並查詢訂單明細。,,True,[]
[],我的 user_id 是 u_123456，想看歷史訂單,"您有兩筆歷史訂單：
1. 訂單編號 JTCG-202508-10001，訂購日期 2025-08-10，商品為 JTCG 雙螢幕氣壓臂 Pro（支援至 32 吋）
2. 訂單編號 JTCG-202507-09012，訂購日期 2025-07-22，商品為 JTCG 單臂支架 Lite（至 27 吋）

請問您想查看哪一筆訂單的詳細資訊？",,True,[]
[],user_id u_999999，查最近那筆訂單,您最近的一筆訂單是訂單編號 JTCG-202508-11021，訂購日期為 2025年8月12日，訂購商品為 JTCG 超寬螢幕重載臂（至 49 吋）。請問需要查看該訂單的詳細資訊嗎？,,True,[]
[],我要看訂單列表,請提供您的用戶ID，以便我幫您查詢訂單列表。,,True,[]
[],請轉真人，我很急,您好，我已經幫您轉接真人客服，請稍候。若您方便提供您的電子郵件，我可以幫您建立客服工單，以便後續跟進。,,False,['R-2']
[],在線客服在嗎？,您好！我是在線客服，有什麼我可以幫您解答的嗎？,,True,[]
[],service hours 客服什麼時段有？,客服的服務時段為週一至週五，09:30 到 18:00（國定假日除外）。如果在尖峰時段無法即時接通，可以留下Email，客服會盡速回覆您。需要其他幫助嗎？,,True,[]
[],請推薦一款 32 吋可用的單臂,目前沒有找到符合 32 吋且為單臂的顯示器支架產品。請問您是否願意考慮其他尺寸或雙臂的選項？或者您有其他需求條件嗎？,,False,['R-4']
[],雙螢幕 + 筆電托盤要怎麼搭配？,"雙螢幕搭配筆電托盤的組合，可以提升工作效率與桌面整潔度。以下是一些搭配建議：

1. 雙螢幕支架：選擇可支援雙螢幕的支架，確保支架能承受兩台螢幕的重量與尺寸，並且支架的VESA標準與螢幕相符。

2. 筆電托盤：選擇可安裝在支架上的筆電托盤，這樣可以將筆電放置在托盤上，與雙螢幕並排或上下排列，節省桌面空間。

3. 桌面夾具或穿孔式安裝：確認支架與托盤的安裝方式是否適合你的桌面厚度與材質。

4. 調整高度與角度：確保雙螢幕與筆電托盤的高度與角度可調整，以符合人體工學，減少頸部與眼睛疲勞。

如果你需要，我可以幫你搜尋適合雙螢幕與筆電托盤搭配的產品，請告訴我你的螢幕尺寸、重量，以及桌面厚度等資訊。",,False,['R-4']
[],VESA 200x100 能用哪款？,符合 VESA 200x100 的產品有 JTCG 超寬螢幕重載臂（至 49 吋），適用 34–49 吋超寬曲面螢幕，建議確認重量與 VESA。您可以參考這款產品：https://example.com/jtcg/p/JTCG-ARM-ULTRAWIDE-49,,True,[]
[],我的桌子是玻璃的，怎麼裝比較安全？,"玻璃桌子安裝顯示器支架時，安全性是非常重要的考量。通常建議選擇夾持式或夾具式的顯示器支架，並確保夾具能夠適合玻璃桌面的厚度且不會對玻璃造成過大壓力。此外，也可以考慮使用帶有防滑墊或軟墊的支架，以避免滑動和刮傷。

請問您的玻璃桌面厚度是多少？這樣我可以幫您推薦適合的顯示器支架款式。",,True,[]
[],大概多少時間可以安裝完成？,您好，請問您指的是哪一項產品或服務的安裝時間呢？例如是顯示器支架、辦公家具還是其他設備？這樣我可以提供更準確的安裝時間資訊。,,True,[]
[],付款失敗怎麼辦？,"付款失敗的話，您可以先確認所使用的付款方式是否正確，並確保信用卡或支付工具（如Apple Pay、Google Pay、LINE Pay）有足夠的餘額或信用額度。如果問題仍然存在，建議您重新嘗試付款或更換其他付款方式。

如果需要進一步協助，您也可以聯繫客服尋求幫助。需要我幫您提供客服聯絡方式嗎？",,True,[]
[],可以改成面交嗎？,您好，请问您是指将订单的配送方式改成面交吗？为了帮您确认是否可以更改配送方式，请提供您的订单编号或相关信息。谢谢！,,True,[]
[],我想知道活動優惠的使用規則,"活動優惠的使用規則如下：
- 每筆訂單限使用一張優惠券。
- 不得與部分專案或企業報價合併使用。
- 活動期間與適用品項以頁面公告為準。

如果您需要更詳細的規則或有其他相關問題，歡迎隨時告訴我。",,True,[]
[],我需要發票抬頭變更,請問您是要更改哪一筆訂單的發票抬頭呢？請提供訂單編號或相關資訊，我來幫您處理。,,True,[]
[],客服信箱是多少？,客服的聯絡信箱在目前的資料中沒有直接顯示，但客服服務時間是週一至週五09:30至18:00（國定假日除外）。若遇到尖峰時段，可以留下您的Email，客服會盡速回覆您。您需要我幫您轉接人工客服或提供其他聯絡方式嗎？,,True,[]
[],退款多久會到帳？,退款時程約為7到14個工作天，實際到帳時間會依支付方式與銀行作業而有所不同。,,True,[]
[],How to track my order?,"To track your order, I would need some details from you such as your user ID or order ID. If you provide me with your user ID, I can retrieve a list of your orders for you to select from. Then, I can fetch the detailed tracking information for the selected order. Could you please provide your user ID?",,True,[]
[],Do you ship internationally?,"We primarily ship within Taiwan's main island. For outlying islands or offshore islands, shipping fees and schedules will be displayed at checkout. For international shipping, you can contact customer service to evaluate feasible options and get an estimated cost. If you need assistance with international shipping, please let me know!",,True,[]
[],Need invoice reissue,"To assist you with the invoice reissue, could you please provide me with your order ID or any related details such as the order date or your user ID? This will help me locate your order and proceed with the invoice reissue.",,True,[]
[],請問台北有安裝服務嗎？,台北有提供到府安裝服務，這項服務是由合作廠商執行，費用會依地區與安裝難度另計。建議您在下單前先與客服確認是否支援您所在的地區。需要我幫您聯繫客服或提供更多相關資訊嗎？,,True,[]
[],JTCG-ARM-DUAL-PRO-32 有現貨嗎？,"JTCG-ARM-DUAL-PRO-32（JTCG 雙螢幕氣壓臂 Pro，支援至 32 吋）目前有現貨。您可以在這裡查看產品詳情和購買：https://example.com/jtcg/p/JTCG-ARM-DUAL-PRO-32

如果需要，我可以幫您進一步查詢或協助下單。",,True,[]
[],JTCG-ARM-ULTRAWIDE-49 支援 49 吋曲面嗎？,JTCG-ARM-ULTRAWIDE-49 支援 34 至 49 吋的超寬曲面螢幕。建議您確認螢幕的重量與 VESA 規格是否符合此支架的要求。此支架適用的重量範圍是每臂 5 至 18 公斤，支援的 VESA 規格有 100x100 和 200x100。您可以放心使用 49 吋曲面螢幕，只要符合這些條件。,,True,[]
[],JTCG-WALL-ARM-34 是否含膨脹螺絲？,JTCG-WALL-ARM-34 建議使用膨脹螺絲與水平儀安裝，但產品資訊中沒有明確說明是否內含膨脹螺絲。您可能需要確認包裝內容或向銷售商詢問是否附帶膨脹螺絲。需要我幫您查詢更多相關資訊嗎？,,True,[]
[],JTCG-LAPTOP-VESA-KIT 能裝 16 吋筆電嗎？,"JTCG-LAPTOP-VESA-KIT 是筆電托盤＋VESA 轉接組，可以搭配任一支援 VESA 的螢幕臂使用。不過產品資訊中沒有特別標明支援的筆電尺寸限制。

請問您的16吋筆電重量和尺寸是否符合一般筆電托盤的承重和尺寸範圍？如果您能提供筆電的重量和尺寸，我可以幫您確認是否適合使用這款產品。",,True,[]
[],JTCG-CABLE-MGMT-KIT 裡面有哪些配件？,"JTCG-CABLE-MGMT-KIT（JTCG 桌面走線管理組）裡面包含以下配件：
- 走線套管
- 魔鬼氈束線帶
- 桌下托盤

這些配件是通用型走線整理配件，適合用於臂架與桌面配線收納。",,True,[]
[],我桌板 20mm，夾具夠嗎？,請問您的桌板厚度是20mm，您想找的是螢幕支架的夾具嗎？一般夾具的適用厚度範圍會標示在產品說明中，請問您需要我幫您查詢適合20mm桌板厚度的夾具產品嗎？,,True,[]
[],請問保固範圍包含人為損壞嗎？,保固範圍不包含人為損壞。臂架與支架類商品享有1年有限保固，非人為損壞的情況下可以申請檢測與維修，需提供訂單編號或發票資訊。若有其他問題或需要協助，請告訴我。,,False,['R-3']
[],有企業合作方案嗎？學校採購也適用？,我們有企業合作方案，也適用於學校大量採購。可以提供專案報價、到府安裝服務以及教育/企業折扣評估。若有需求，請提供採購數量、安裝地點與時程，以便我們進行評估。需要我幫您安排進一步的聯繫或報價嗎？,,True,[]
[],發票什麼時候寄？可在哪裡下載？,本店提供電子發票，出貨完成後會以Email寄送，您也可以在會員中心下載查詢。如果需要三聯式發票，請在下單時備註統編與抬頭。,,False,['R-1']
[],我不確定要買哪款，你可以問我幾個問題幫我選嗎？,"當然可以！為了幫你挑選最適合的螢幕支架，我想先了解幾個重點：

1. 你的螢幕尺寸大約是多少吋？
2. 螢幕的重量大約是多少公斤？
3. 你的桌面厚度大約是多少毫米？
4. 你需要單臂還是雙臂的支架？
5. 你的螢幕背面是否有標準的VESA安裝孔？如果知道規格，請告訴我。

請你提供這些資訊，我就能幫你推薦合適的產品！",,True,[]
[],請問可否貨到付款？,根據目前的資訊，JTCG Shop 支援的付款方式包括信用卡（VISA / Master / JCB）、Apple Pay、Google Pay、LINE Pay，並沒有提到貨到付款的選項。因此，似乎不支援貨到付款。您還有其他問題需要幫忙嗎？,,True,[]
[],LINE Pay 有回饋嗎？,目前資料中沒有明確提到使用 LINE Pay 的回饋活動。LINE Pay 是支援的付款方式之一，但關於回饋的具體資訊可能需要您查看 LINE Pay 官方或相關促銷活動公告。需要我幫您查詢其他相關資訊嗎？,,True,[]
[],海外退貨流程怎麼辦？,"海外退貨流程大致如下：
1. 線上提出退貨申請。
2. 包裝商品並安排回收。
3. 商品檢查完成後，辦理退款。

退款時程約為7至14個工作天，具體時間依支付方式與銀行作業而定。

如果需要更詳細的協助或有特殊情況，建議先聯繫客服評估可行方案與預估費用。需要我幫您聯繫客服嗎？",,True,[]
[],我想看雙螢幕支架的比較,"以下是幾款雙螢幕支架的比較：

1. JTCG 雙螢幕氣壓臂 Pro（支援至 32 吋）
   - 適用螢幕尺寸：24–32 吋
   - 承重範圍：2-9 公斤
   - VESA 標準：75x75, 100x100
   - 桌面厚度適用範圍：10-85 毫米
   - 特點：一般螢幕皆可使用，超寬螢幕建議使用強化背板
   - 連結：[產品頁面](https://example.com/jtcg/p/JTCG-ARM-DUAL-PRO-32)
   - 圖片： ![image](https://example.com/jtcg/img/products/dual_pro_32.png)

2. JTCG 單臂支架 Lite（至 27 吋）
   - 適用螢幕尺寸：至 27 吋
   - 承重範圍：1-6 公斤
   - VESA 標準：75x75, 100x100
   - 桌面厚度適用範圍：10-70 毫米
   - 特點：適合小型與輕量螢幕，桌面空間有限者
   - 連結：[產品頁面](https://example.com/jtcg/p/JTCG-ARM-SINGLE-LITE-27)
   - 圖片： ![image](https://example.com/jtcg/img/products/single_lite_27.png)

3. JTCG 超寬螢幕重載臂（至 49 吋）
   - 適用螢幕尺寸：34–49 吋超寬曲面螢幕
   - 承重範圍：5-18 公斤
   - VESA 標準：100x100, 200x100
   - 桌面厚度適用範圍：20-90 毫米
   - 特點：適用超寬曲面螢幕，建議確認重量與 VESA
   - 連結：[產品頁面](https://example.com/jtcg/p/JTCG-ARM-ULTRAWIDE-49)
   - 圖片： ![image](https://example.com/jtcg/img/products/ultrawide_49.png)

如果您需要更詳細的比較或其他型號的資訊，請告訴我！",,False,['R-3']
[],請幫我把客服轉真人（human agent）,請提供您的電子郵件地址，以便我為您創建客服支援工單並轉接真人客服。,,True,[]
[],这款支架支持75×75吗？（简体）,是的，我们的支架产品中有支持75×75 VESA标准的型号。例如，JTCG 雙螢幕氣壓臂 Pro（支援至 32 吋）和JTCG 單臂支架 Lite（至 27 吋）都支持75×75的安装孔距。如果您需要具体型号或更多信息，可以告诉我。,,False,['R-3']
[],退货政策是什么？（简体）,JTCG Shop 提供7天鑑賞期（含例假日）。商品需保持全新、完整包裝與配件。若為非瑕疵退換貨，可能需自行負擔來回運費。退貨流程包括線上提出申請、包裝回收、檢查完成後辦理退款。退款作業約7至14個工作天，依支付方式與銀行作業為準。您還需要了解其他相關細節嗎？,,True,[]
[],发票怎么开？（简体）,本店提供电子发票，发货完成后将通过Email寄送，或者您也可以在会员中心下载查询。如果您需要三联式发票，请在下单时备注填写统一编号和抬头。,,True,[]
[],有没有49寸显示器支架？（简体）,有适用于49寸显示器的支架，推荐产品是JTCG 超宽屏幕重载臂（至49寸），适用于34至49寸的超宽曲面显示器。您可以查看产品详情和购买链接：https://example.com/jtcg/p/JTCG-ARM-ULTRAWIDE-49。如果需要其他配件或帮助，也可以告诉我。,,True,[]
[],我要查询订单（简体）,请提供您的用户ID或者订单号，以便我帮您查询订单信息。,,True,[]
[],請問你們的客服時間？,我們的線上客服服務時間為週一至週五，09:30 至 18:00（國定假日除外）。如果在尖峰時段無法即時回覆，您可以留下Email，我們會盡速回覆您。需要其他幫助嗎？,,True,[]
[],運費怎麼計算？離島另外加價嗎？,"運費計算方面，標準運送滿NT$1,500即可免運費；但離島或外島的運費是另外計算的，會在結帳頁面顯示具體的運費與時程。若您有海外配送需求，可以先透過客服評估可行方案與預估費用。需要我幫您查詢更詳細的運費資訊嗎？",,True,[]
[],如果螢幕 8 公斤，哪個型號比較適合？,"根據您螢幕重量約 8 公斤，以下幾款型號比較適合：

1. JTCG 雙螢幕氣壓臂 Pro（支援至 32 吋），一般 24–32 吋皆可使用，超寬螢幕建議使用強化背板。
   產品連結：https://example.com/jtcg/p/JTCG-ARM-DUAL-PRO-32

2. JTCG 超寬螢幕重載臂（至 49 吋），適用 34–49 吋超寬曲面螢幕，建議確認重量與 VESA。
   產品連結：https://example.com/jtcg/p/JTCG-ARM-ULTRAWIDE-49

3. JTCG 壁掛式伸縮臂（至 34 吋），需牆面可承重，建議使用膨脹螺絲與水平儀安裝。
   產品連結：https://example.com/jtcg/p/JTCG-WALL-ARM-34

您可以根據螢幕尺寸與安裝需求選擇合適的型號。需要我幫您比較或推薦嗎？",,True,[]
[],我有兩台 27 吋要左右擺，推薦？,"目前我們的產品目錄中沒有特別標示為雙臂且適合27吋顯示器的支架。不過，您可以考慮選擇兩個單臂支架，分別安裝在左右兩側，這樣也能達到左右擺放兩台27吋顯示器的效果。

請問您需要我幫您找適合27吋顯示器的單臂支架嗎？另外，請問您的顯示器重量和桌面厚度是多少？這樣可以幫您更精準地推薦產品。",,False,['R-4']
[],請幫我連接人工客服，我的問題很複雜,請提供您的電子郵件地址，方便我為您建立客服工單並轉接人工客服。,,True,[]
[],我想退貨流程怎麼走？順便推薦一支 27 吋單臂,"退貨流程大致如下：
1. 線上提出申請。
2. 包裝回收商品。
3. 檢查完成後辦理退款。
退款時間約為7至14個工作天，依支付方式與銀行作業為準。

另外，關於27吋的單臂顯示器支架，目前我們的產品目錄中沒有符合條件的商品。如果您有其他需求或想找不同規格的支架，也可以告訴我，我來幫您找找看。",,False,['R-4']
[],請問保固多久，另外 32 吋有沒有現貨？,"關於保固，臂架與支架類商品享有1年有限保固，非人為損壞可申請檢測與維修，需提供訂單編號或發票資訊。

至於32吋的商品，目前有一款「JTCG 雙螢幕氣壓臂 Pro（支援至 32 吋）」，一般24~32吋皆可使用，建議搭配強化背板。您可以參考這款產品：
名稱：JTCG 雙螢幕氣壓臂 Pro（支援至 32 吋）
連結：https://example.com/jtcg/p/JTCG-ARM-DUAL-PRO-32

如果需要，我可以幫您進一步查詢庫存狀況或協助訂購。",,True,[]
[],我要查訂單配送進度，也想問免運門檻,"目前我無法取得您的訂單資訊，請問您是否方便提供訂單編號或會員帳號以便查詢？

關於免運門檻，標準運送滿新台幣1500元即可享有免運費服務；離島或外島地區的運費則另計。您還有其他問題嗎？",,True,[]
[],可以轉真人嗎？同時幫我看一下 JTCG-ARM-DUAL-PRO-32 的相容性,"我已經為您轉接真人客服，請稍候。

關於您詢問的 JTCG-ARM-DUAL-PRO-32 雙螢幕氣壓臂 Pro（支援至 32 吋），其相容性如下：
- 適用螢幕尺寸：一般 24 至 32 吋皆可
- 建議超寬螢幕使用強化背板
- 支援 VESA 標準：75x75、100x100
- 支援桌面厚度：10 至 85 毫米
- 每臂可承重範圍約 2 至 9 公斤

您可以參考這個產品頁面了解更多資訊：
https://example.com/jtcg/p/JTCG-ARM-DUAL-PRO-32

如果還有其他問題，請隨時告訴我！",,False,['R-2']
[],我想知道客服時間，還有壁掛臂哪款最穩,"客服時間為週一至週五09:30至18:00（國定假日除外）。若遇尖峰，您可以留下Email，我們會盡快回覆您。

關於壁掛臂，這裡有一款推薦：
- JTCG 壁掛式伸縮臂（至34吋），承重2-12公斤，支援VESA 75x75及100x100，適合可承重的牆面，建議使用膨脹螺絲與水平儀安裝。產品連結：https://example.com/jtcg/p/JTCG-WALL-ARM-34

如果您需要其他規格或承重的壁掛臂，也可以告訴我，我幫您找找看。",,True,[]
[],查訂單 JTCG-202508-10001 的狀態，另外這款有配件嗎？,"查詢訂單 JTCG-202508-10001 的狀態時，因為沒有提供使用者ID，無法查詢到該訂單的詳細狀態，請您提供會員帳號或登入後再查詢。

至於這款產品的配件，我找到了以下相關配件可供參考：
1. JTCG 筆電托盤＋VESA 轉接組，可搭配任一支援 VESA 的螢幕支架使用。
2. JTCG 桌面走線管理組，適合支架與桌面配線收納。
3. 其他多款螢幕支架與配件，您可以參考這些產品頁面了解更多：
   - [JTCG 雙螢幕氣壓臂 Pro（支援至 32 吋）](https://example.com/jtcg/p/JTCG-ARM-DUAL-PRO-32)
   - [JTCG 單臂支架 Lite（至 27 吋）](https://example.com/jtcg/p/JTCG-ARM-SINGLE-LITE-27)
   - [JTCG 超寬螢幕重載臂（至 49 吋）](https://example.com/jtcg/p/JTCG-ARM-ULTRAWIDE-49)
   - [JTCG 壁掛式伸縮臂（至 34 吋）](https://example.com/jtcg/p/JTCG-WALL-ARM-34)

如果您需要我協助查詢訂單狀態，請提供您的會員帳號或登入資訊。",,True,[]
[],退貨政策與是否支援 Apple Pay 一起告訴我,"退貨政策：
JTCG Shop 提供7天鑑賞期（含例假日）。商品需保持全新、完整包裝與配件。若非瑕疵退貨，可能需自行負擔來回運費。退貨流程為線上提出申請→包裝回收→檢查完成後辦理退款，退款時間約7至14個工作天，依支付方式與銀行作業為準。

關於 Apple Pay 支援：
JTCG Shop 支援多種支付方式，包括信用卡（VISA / Master / JCB）、Apple Pay、Google Pay、LINE Pay等。部分銀行提供3/6/12期分期付款，實際手續費與門檻依帳戶提示為準。

如需進一步協助，請告訴我！",,True,[]
[],海外寄送可以嗎？同時推薦重載臂,"關於海外寄送，目前主要配送範圍是台灣本島，離島和海外運費與時程會在結帳頁面顯示，海外配送需要先通過客服評估可行方案與預估費用。

至於重載臂的產品推薦，目前系統中沒有符合條件的重載臂產品。您是否有特定的尺寸、重量或其他需求條件，可以告訴我，我幫您再做更精確的搜尋？",,False,['R-4']
[],想比較雙臂 vs 壁掛，順便看我的歷史訂單,"以下是雙臂與壁掛式螢幕支架的比較與推薦產品：

雙臂螢幕支架：
- JTCG 雙臂螢幕氣壓 Pro（支援至 32 吋）
  - 適用一般 24~32 吋螢幕
  - 建議使用強化背板
  - 支援重量每臂 2-9 公斤
  - VESA 標準 75x75, 100x100
  - 桌面厚度 10-85 毫米
  - 產品連結: https://example.com/jtcg/p/JTCG-ARM-DUAL-PRO-32

壁掛式螢幕支架：
- JTCG 壁掛式伸縮臂（支援至 34 吋）
  - 需牆面可承重，建議使用釘牆螺絲與水平儀安裝
  - 支援重量每臂 2-12 公斤
  - VESA 標準 75x75, 100x100
  - 產品連結: https://example.com/jtcg/p/JTCG-WALL-ARM-34

雙臂支架適合桌面空間有限且需要靈活調整螢幕位置的使用者，壁掛式支架則適合有堅固牆面且想節省桌面空間的使用者。

關於您的歷史訂單，系統目前無法找到您的用戶ID，請問您是否方便提供訂單相關資訊或確認您的用戶ID？我可以幫您查詢。",,True,[]
[],請直接找真人，還要查 order_id 清單,請提供您的用戶ID或註冊時使用的電子郵件，以便我幫您查詢訂單清單並轉接真人客服。,,True,[]
[],"My order status please, and recommend a 49"" mount.","I was unable to find your order information because I need your user ID or email to look it up. Could you please provide that?

Regarding the 49"" monitor mount, I recommend the ""JTCG 超寬螢幕重載臂 (至 49 吋)"" which is suitable for 34 to 49 inch ultrawide curved monitors. You can check it out here: https://example.com/jtcg/p/JTCG-ARM-ULTRAWIDE-49

If you provide your user ID or email, I can help you check your order status.",,True,[]
[],Do you ship internationally and what's your return policy?,"Regarding international shipping, the main shipping is currently focused on Taiwan and its main islands. Shipping to outlying islands or overseas is subject to additional shipping fees and timing, which will be estimated and communicated through customer service.

As for the return policy, JTCG Shop offers a 7-day appreciation period (including holidays). Products must be kept brand new, complete with packaging and accessories. If the return is not due to product defects, the customer may need to bear the return shipping costs.

If you need more details or assistance, feel free to ask!",,True,[]
[],我要發票三聯，另外幫我挑一款支架,請問您需要的支架是用來支援什麼尺寸和重量的顯示器呢？另外，您使用的顯示器是否有特定的VESA安裝標準？還有您的桌面厚度是多少？這些資訊可以幫助我為您挑選合適的支架。,,False,['R-5']
[],客服表單在哪？也想設定到貨通知,"您好！客服表單通常可以在網站的「聯絡我們」或「客服中心」頁面找到。請問您是在哪個網站或平台上尋找客服表單呢？我可以幫您指引。

至於設定到貨通知，通常在訂單或會員中心會有相關設定選項，您可以選擇開啟到貨通知，系統會在商品到貨時通知您。請問您需要我協助您在哪裡設定到貨通知嗎？如果您提供使用的平台或網站名稱，我可以給您更詳細的指引。",,False,['R-4']
[],能不能取消訂單，同時問問保固可轉移嗎？,"關於取消訂單：
- 未出貨前可以由客服協助修改訂單。
- 若已進入出貨流程，可能需要取消訂單並重新下單，實際以系統狀態為準。
- 已出貨的訂單則需走退貨流程，退款約需7至14個工作天。

關於保固是否可轉移：
- 部分商品提供線上保固登錄，保固通常限原始購買者，不隨轉售轉移。
- 具體以商品頁面或憑證說明為準。

請問您需要我幫您查詢或取消您的訂單嗎？或者有其他問題需要協助？",,False,['R-1']
[],我有 user_id u_123456，想看訂單並問 VESA 200x100 可以用哪款,"您 user_id u_123456 的訂單有：
1. 訂單編號 JTCG-202508-10001，商品為 JTCG 雙螢幕氣壓臂 Pro（支援至 32 吋）
2. 訂單編號 JTCG-202507-09012，商品為 JTCG 單臂支架 Lite（支援至 27 吋）

關於 VESA 200x100 的支架，目前找到一款產品：
- JTCG 超寬螢幕重臂（支援至 49 吋），適用 34~49 吋超寬曲面螢幕，建議確認重量與 VESA 規格。

您需要我幫您查詢某筆訂單的詳細資訊，或是需要更多符合 VESA 200x100 的產品嗎？",,False,"['R-1', 'R-4']"
[],付款方式有哪些？另外幫我查一下最近一筆訂單,"付款方式包括信用卡（VISA / Master / JCB）、Apple Pay、Google Pay 和 LINE Pay。此外，部分銀行提供3期、6期、12期的分期付款，實際手續費與門檻以結帳頁面提示為準。

關於您的最近一筆訂單，我這邊找不到您的用戶ID資料，請問您能提供訂單所使用的用戶ID或相關資訊嗎？這樣我才能幫您查詢。",,True,[]
[],桌板 15mm 能夾嗎？還有物流多久到,"桌板厚度15mm的夾具產品我這邊沒有找到符合的，可能需要更厚的桌板才能夾得穩固。您可以告訴我桌板的厚度範圍，我幫您再找找看。

至於物流時間，出貨後一般會在1到2個工作天內出貨，您可以在「我的訂單」頁面點擊追蹤碼查看最新配送狀態。如果超過預期時間還沒收到貨，建議聯繫客服協助查詢。",,True,[]
[],我想要真人客服，也幫我估算運費,"請問您方便提供您的電子郵件地址嗎？我將幫您建立客服工單，並安排真人客服與您聯繫。

另外，請問您需要估算哪一筆訂單的運費，或是您想要購買什麼商品，我可以幫您查詢運費資訊。",,True,[]
[],想了解促銷規則，另外 27 吋雙螢幕建議,"促銷規則摘要如下：
- 每筆訂單限使用一張優惠券，不得與部分專案或企業報價合併使用。
- 活動期間及適用商品以頁面公告為準。
- 會員點數可於結帳抵用，但不可折換現金。
- 預購商品依頁面標示時間到貨，可能分批出貨，運費計算及是否合併以結帳頁面為準。
- 商品若短期內調降價格，是否提供補差價以活動公告為準。
- 您提供的Email僅用於服務聯繫與訂單通知，不作行銷用途。

關於27吋雙螢幕的建議支架，推薦以下產品：
1. JTCG 雙螢幕氣壓臂 Pro（支援至32吋）
   - 適用一般24~32吋螢幕
   - 建議搭配強化背板使用
   - 商品連結: https://example.com/jtcg/p/JTCG-ARM-DUAL-PRO-32

若您需要更詳細資訊或其他建議，請告訴我！",,False,['R-4']
[],查詢 u_999999 的訂單，同時詢問保固申請流程,"用戶 u_999999 有一筆訂單，訂單編號為 JTCG-202508-11021，訂購的是 JTCG 超寬螢幕重載臂（至 49 吋）。

關於保固申請流程，請注意以下要點：
- 申請時請準備訂單編號與故障照片或影片，並在線上提交 RMA 申請。
- 客服會在工作日內回覆並進行檢測與處理。
- 螢幕支架類商品享有一年有限保固，非人為損壞可申請檢測與維修。
- 需提供訂單編號或發票資訊作為申請依據。

如果您需要更詳細的指引或協助，我可以幫您進一步說明。",,False,['R-1']
[],退貨退款多久？同時看一下壁掛伸縮距離,"關於退貨退款的時間，通常退貨退款流程包括線上提出申請、包裝回收、檢查完成後辦理退款，退款時間約為7至14個工作天，依支付方式與銀行作業為準。

至於壁掛伸縮臂的產品，這裡有一款JTCG 壁掛式伸縮臂，適用至34吋螢幕，需牆面可承重，建議使用釘牆螺絲與水平儀安裝。您可以參考這款產品的詳細資訊：
- 名稱：JTCG 壁掛式伸縮臂（至34吋）
- 產品頁面：[點此查看](https://example.com/jtcg/p/JTCG-WALL-ARM-34)
- 特色：適合牆面承重安裝，支援VESA 75x75及100x100標準。

如果您需要更詳細的壁掛伸縮臂規格或其他型號，也可以告訴我您的需求，我幫您找合適的產品。",,False,['R-4']
[],我想預購，還想知道客服有沒有週末,"您想預購的商品會依頁面標示的時間到貨，若同一訂單包含現貨與預購商品，可能會分批出貨。運費計算會依結帳頁面為準。若您需要缺貨通知，系統會在補貨後以Email通知您。

至於客服服務時間，線上客服的服務時間為週一至週五，09:30至18:00（國定假日除外），週末沒有客服服務。如果您遇到緊急問題，可以留下Email，我們會盡快回覆您。",,False,['R-1']
[],这款支架支持75×75吗？另外能查订单吗？（简体）,"您好！请问您指的是哪一款支架呢？如果您能提供具体的型号或名称，我可以帮您确认是否支持75×75的VESA标准。

另外，关于查订单，请问您能提供一下您的用户ID或者订单相关信息吗？这样我可以帮您查询订单详情。",,True,[]
[],我要查询订单并了解退货规则（简体）,"您好，关于退货规则，JTCG Shop 提供7天的鉴赏期（含例假日）。商品需要保持全新、完整包装与配件。如果是非瑕疵退换货，可能需要您自行承担来回运费。退货实际流程是线上提出申请，包装回收，检查完成后办理退款，退款时间约7到14个工作天，依支付方式和银行作业为准。

另外，您想查询订单，请提供您的用户ID或登录账号，我可以帮您查询相关订单信息。",,True,[]
[],請問可以分期嗎？另外跟我說 RMA 怎麼申請,"關於分期付款，JTCG Shop 支援信用卡（VISA / Master / JCB）、Apple Pay、Google Pay、LINE Pay，部分銀行提供3期、6期、12期分期，實際手續費與門檻會以結帳頁面提示為準。

至於RMA申請流程，請您準備好訂單編號與故障照片或影片，並在線上提交RMA申請。客服會在工作日內回覆檢測與處理方式。整個流程包括線上提出申請、包裝回收、檢查完成後辦理退換貨，退換貨時間約7-14個工作天。

如果您需要更詳細的操作指引或協助，請告訴我！",,False,['R-3']
[],我需要到府安裝資訊，也想問是否支援 34 吋曲面,"關於到府安裝服務，我們在特定地區提供到府安裝（由合作廠商執行），費用會依據地區與安裝難度另計，建議您下單前先與客服確認是否支援。

至於支援34吋曲面螢幕的產品，我們有以下推薦：
1. JTCG 超寬螢幕重載臂（至49吋），適用34至49吋超寬曲面螢幕，建議確認螢幕重量與VESA規格。
   商品連結：https://example.com/jtcg/p/JTCG-ARM-ULTRAWIDE-49
2. JTCG 壁掛式伸縮臂（至34吋），適用34吋曲面螢幕，需確認牆面承重，建議使用膨脹螺絲與水平儀安裝。
   商品連結：https://example.com/jtcg/p/JTCG-WALL-ARM-34

如果需要，我可以協助您了解更多安裝細節或其他產品資訊。",,True,[]
[],想要看 accessories 清單，順便查配送,"目前的配件清單包括：
1. JTCG 雙螢幕氣壓臂 Pro（支援至 32 吋）
2. JTCG 單臂支架 Lite（支援至 27 吋）
3. JTCG 超寬螢幕重載臂（支援至 49 吋）
4. JTCG 壁掛式伸縮臂（支援至 34 吋）
5. JTCG 筆電托盤＋VESA 轉接組
6. JTCG 桌面走線管理組（包含走線套管、魔鬼氈束線帶、桌下托盤）

您可以點擊產品名稱查看詳細資訊與購買連結。

另外，查詢您的訂單配送狀態時，系統未能找到您的用戶ID，請問您是否方便提供訂單號或用戶ID，以便我幫您查詢配送狀態？",,False,['R-4']
[],tracking 沒更新，轉真人並推薦穩定款,我已經幫您轉接真人客服處理您的訂單追蹤問題。關於推薦的穩定款顯示器支架，目前系統中沒有標記為「穩定款」的產品。不過您可以告訴我您的顯示器尺寸、重量或其他需求，我可以幫您找出適合且穩定的款式。您需要嗎？,,False,"['R-2', 'R-4']"
[],會員點數怎麼用？同時幫我找 JTCG-LAPTOP-VESA-KIT,"會員點數的使用說明如下：
會員點數可於結帳時折抵使用，但不得折換現金。點數有有效期限及使用規則，請以會員中心公告為準。

關於您查詢的產品 JTCG-LAPTOP-VESA-KIT：
- 名稱：JTCG 筆電托盤＋VESA 轉接組
- 特色：可搭配任一支援 VESA 的螢幕臂使用
- 產品連結：https://example.com/jtcg/p/JTCG-LAPTOP-VESA-KIT
- 圖片連結：https://example.com/jtcg/img/products/laptop_vesa_kit.png

如果需要更多產品資訊或購買協助，請告訴我！",,True,[]
[],請問客服電話？另外 32 吋 100x100 有沒有推薦,"客服電話的相關資訊如下：
線上客服服務時間為週一至週五 09:30 – 18:00（國定假日除外）。若遇尖峰，請留下 Email，我們會盡速回覆。

關於 32 吋且支援 100x100 VESA 的推薦產品，有以下幾款：
1. JTCG 雙螢幕氣壓臂 Pro（支援至 32 吋），適用一般 24~32 吋螢幕，建議使用強化背板。
   產品連結：https://example.com/jtcg/p/JTCG-ARM-DUAL-PRO-32
   ![圖片](https://example.com/jtcg/img/products/dual_pro_32.png)

如果需要更詳細的產品資訊或其他協助，請告訴我！",,True,[]
[],我想更改地址，同時問走線組合內容,"關於更改地址的部分，目前在出貨前可以由客服協助修改地址；若已進入出貨流程，可能需要取消訂單重新下單，實際以系統狀態為準。

至於走線組合內容，建議沿著螢幕支架後側與走線桿固定，預留轉動餘量避免拉扯。轉接器與變壓器避免懸空以降低接口受力。桌深建議至少60cm，桌面後方保留10-15cm空間以利走線與支架活動。若有異音，建議檢查螺絲與走線是否干涉，必要時於關節轉點施以少量潤滑。

如果您需要更改訂單地址，請提供訂單資訊或聯絡客服協助。需要我幫您處理嗎？",,False,['R-1']
[],能否面交？另外把我訂單列表列出來,請問您是否已登入您的帳號？我需要您的帳號資訊才能查詢您的訂單列表。至於面交的部分，請問您是指哪一類商品呢？我可以幫您確認是否有面交服務。,,True,[]
[],海外退貨流程？也順便轉真人,海外退貨流程通常是先在線上提出申請，然後將商品包裝好等待回收，檢查完成後會辦理退款，退款時間約7到14個工作天，依支付方式與銀行作業為準。已經幫您轉接真人客服，請稍等對方協助您進一步處理。,,False,['R-2']
[],我想要到貨通知，同時比較兩款雙臂,請問您想要比較的兩款雙臂是哪些型號或品牌呢？另外，您希望收到哪一款產品的到貨通知？請提供相關資訊，我可以幫您查詢和比較。,,True,[]
[],保固一年嗎？另外 u_222222 的訂單 ETA？,"關於保固，螢幕支架與支撐類商品享有一年有限保固，非人為損壞可申請檢測與維修，需提供訂單編號或發票資訊。

至於您 u_222222 的訂單 JTCG-202508-12005（JTCG 超寬螢幕重載臂，至 49 吋），目前狀態為已出貨，承運商為 T-EX，追蹤號碼為 TEX112233，預計到貨日期為 2025-08-17。您可以透過此連結查看訂單詳情：https://example.com/jtcg/o/JTCG-202508-12005

還有其他需要幫忙的嗎？",,False,['R-1']
[],請問免運，還有推薦一款壁掛,"目前購物滿NT$1,500可享免運費服務，離島或外島運費另計。

關於壁掛式的產品，我這邊目前沒有找到符合條件的壁掛臂推薦。請問您是否有特定的尺寸、重量或其他需求，我可以幫您再做進一步搜尋？",,False,['R-4']
[],invoice 可以重發嗎？另外幫我看有沒有 200x100 支援的臂,"關於invoice重發，電子發票可以於會員中心補發下載；若需紙本發票或三聯式發票，請於下單時備註統編與抬頭，若遺漏請於出貨前聯繫客服協助。

至於200x100支援的臂，我這邊查詢到的產品中沒有明確標示200x100尺寸支援的臂架。不過有一款JTCG筆電托盤+VESA轉接組，可以搭配任一支援VESA的螢幕臂使用，您可以參考看看：
- 名稱：JTCG 筆電托盤+VESA轉接組
- 連結：https://example.com/jtcg/p/JTCG-LAPTOP-VESA-KIT

如果您需要更精確的200x100 VESA支援臂架，請告訴我，我可以幫您進一步搜尋。",,True,[]
[],"human agent please, also what’s your shipping fee?","I have connected you to a human agent for further assistance. Regarding the shipping fee, the standard shipping is free for orders over NT $1,500. For orders below that amount, or for deliveries to outlying islands, additional shipping fees may apply and will be shown at checkout. If you need more specific details or help, the human agent will assist you shortly.",,False,['R-2']
[],connect to agent and list my recent orders.,Could you please provide your email address so I can connect you to an agent and retrieve your recent orders?,,False,"['R-1', 'R-2']"
[],我要取消訂單與詢問退款時程,請問您能提供訂單編號或是您註冊時使用的電子郵件地址嗎？這樣我可以幫您查詢訂單狀態並協助處理取消與退款事宜。,,True,[]
[],我想查訂單，並問是否支援 Google Pay,"您可以使用 Google Pay 付款，JTCG Shop 支援信用卡（VISA / Master / JCB）、Apple Pay、Google Pay 和 LINE Pay。部分銀行還提供分期付款服務，具體手續費和條件會在結帳頁面提示。

另外，請問您是否已登入帳戶？我需要您的用戶ID才能幫您查詢訂單。",,True,[]
[],桌後有擋板能裝嗎？順便推薦短臂,"桌後有擋板的話，安裝顯示器支架可能會受到限制，因為擋板會影響支架的固定和調整空間。建議您確認擋板的厚度和位置，並選擇適合的支架型號。

目前我這邊沒有找到短臂型的顯示器支架產品，您是否有其他需求或條件（例如顯示器尺寸、重量、VESA標準、桌面厚度等）可以提供，我可以幫您再做更精確的推薦。",,False,['R-4']
[],請告訴我出貨時程與保固條款重點,"出貨時程重點：
- 現貨商品於1-2個工作天出貨。
- 預購商品依頁面標示的時程到貨，若同一訂單含現貨與預購，可能採分批出貨。
- 標準運送滿NT$1,500免運費，離島或外島運費另計。

保固條款重點：
- 臂架與支架類商品享有1年有限保固。
- 保固通常限原始購買者，不隨轉售轉移，實際以商品頁或憑證說明為準。
- 非人為損壞可申請檢測與維修，需提供訂單編號或發票資訊。
- 保固申請需備妥訂單編號與故障影片/照片，於線上表單提交RMA，客服會於工作日內回覆檢測與處理方式。

如需更詳細資訊，請告訴我！",,False,['R-3']
[],客服時段？還有 JTCG-ARM-ULTRAWIDE-49 相容性,"客服時段為週一至週五 09:30 – 18:00（國定假日除外）。若遇尖峰，您可以留下Email，我們會盡速回覆。

關於 JTCG-ARM-ULTRAWIDE-49 這款產品，它適用於34至49吋的超寬曲面螢幕，建議確認螢幕重量與VESA標準是否相符。產品支援的VESA規格為100x100和200x100，適用桌面厚度為20-90毫米，承重範圍為5-18公斤。

如果需要，我可以提供產品連結與更多資訊。",,False,['R-4']
[],查詢 JTCG-202507-30021，同時想知道可以直立旋轉嗎,"關於訂單編號 JTCG-202507-30021，我這邊無法查詢到相關的訂單資料，可能需要您提供用戶ID或確認訂單資訊。

至於產品部分，查詢到的相關產品中有一款名為「JTCG 雙螢幕氣壓臂 Pro（支援至 32 吋）」，一般適用24至32吋螢幕，支援VESA 75x75及100x100，且桌面厚度可支援10-85毫米。這款產品通常具備氣壓調整功能，理論上可以進行直立旋轉調整，但具體的旋轉角度和功能建議您參考產品頁面或說明書。

您可以參考這款產品的連結了解更多細節：
https://example.com/jtcg/p/JTCG-ARM-DUAL-PRO-32

如果您需要更詳細的訂單查詢或產品功能說明，請提供更多資訊或告訴我如何協助您。",,True,[]
[],我想詢問贈品補寄，同時比較單臂/氣壓臂,"關於贈品補寄的政策，若您收到的貨品未包含贈品，請於7日內附上開箱照片與訂單資訊，客服將協助補寄。

至於單臂與氣壓臂的產品比較，目前系統中沒有找到相關的單臂或氣壓臂產品，可能是庫存或資料尚未更新。您是否有特定的需求或條件（如尺寸、承重、VESA標準等），我可以幫您再做更精確的搜尋？",,True,[]
[],Do you have wall mount? Also check my tracking.,"Yes, we do have wall mounts available. For example, the ""JTCG 壁掛式伸縮臂 (至 34 吋)"" is a wall mount arm suitable for monitors up to 34 inches. It requires a load-bearing wall and is recommended to be installed with drywall anchors and a level.

Regarding your order tracking, I couldn't find your user ID in our system. Could you please provide your user ID or the email associated with your account so I can check your order status?",,True,[]
[],請幫我轉真人，同時設定到貨通知,請問您方便提供您的電子郵件地址嗎？這樣我可以幫您轉接真人客服，並且設定到貨通知。,,True,[]
[],我想問優惠券能否併用，還要看訂單列表,"關於優惠券是否能併用的規定是：每筆訂單限使用一張優惠券；不得與部分專案或企業報價合併使用。活動期間與適用品項以頁面公告為準。

另外，您想查看訂單列表，但系統中未找到您的用戶ID，請問您是否方便提供用戶ID或其他身份資訊，以便我幫您查詢訂單？",,True,[]
[],退貨需要原包裝嗎？另外推薦 16 吋筆電托盤,"關於退貨是否需要原包裝，根據退貨流程，退貨時需將商品包裝回收並檢查完成後辦理退貨，通常是需要保留原包裝的。

至於16吋筆電托盤的推薦，這裡有幾款相關產品供您參考：
1. JTCG 筆電托盤＋VESA 轉接組，適用於搭配任一支援VESA的螢幕支架使用。
   商品連結：https://example.com/jtcg/p/JTCG-LAPTOP-VESA-KIT
   ![圖片](https://example.com/jtcg/img/products/laptop_vesa_kit.png)

如果您需要更詳細的產品資訊或其他推薦，請告訴我！",,False,['R-4']
[],想了解 RMA 表單，同時查 u_555555 最新訂單,"關於 RMA 表單，您需要準備訂單編號與故障影片或照片，並於線上表單提交 RMA。客服會在工作日內回覆檢測與處理方式。

您帳號 u_555555 的最新兩筆訂單如下：
1. 訂單編號 JTCG-202508-01041，訂購商品為 JTCG 雙螢幕氣壓臂 Pro（支援至 32 吋）
2. 訂單編號 JTCG-202507-28052，訂購商品為 JTCG 桌面走線管理組

請問您需要查詢哪一筆訂單的詳細資訊？",,False,['R-1']
[],我有兩台 27 吋要混搭，順便問免運門檻,"您有兩台27吋的螢幕要混搭，推薦您可以考慮 JTCG 單臂支架 Lite（支援至27吋），適合小型與輕量螢幕，且節省桌面空間。您可以參考這款產品的詳細資訊與購買連結：https://example.com/jtcg/p/JTCG-ARM-SINGLE-LITE-27

關於免運門檻，目前標準運送滿新台幣1500元即可享有免運費，離島或外島運費另計。若您有其他需求或想了解更多支架選擇，也可以告訴我。",,True,[]
[],付款失敗怎麼辦？也看看我上一筆訂單狀態,"付款失敗的話，您可以參考我們的付款方式說明，我們支持信用卡（VISA / Master / JCB）、Apple Pay、Google Pay、LINE Pay，部分銀行提供3/6/12期分期，實際手續費與門檻以結帳頁面提示為準。如果付款失敗，建議您確認付款資訊是否正確，或嘗試其他付款方式。

另外，關於您的上一筆訂單狀態，我這邊查不到您的用戶ID，無法幫您查詢訂單狀態。請問您可以提供訂單編號或用戶ID嗎？或者您可以先登入您的帳號後再告訴我，我才能幫您查詢喔。",,True,[]
[],請提供發票下載位置，並推薦走線配件,請問您是否已經登入您的帳戶？我需要您的帳戶資訊才能幫您查詢訂單並提供發票下載位置。另外，請問您需要推薦哪種類型的走線配件？例如走線槽、理線帶或其他類型？,,False,['R-4']
[],壁掛需要什麼牆體？也請轉真人諮詢,"壁掛安裝建議安裝於磚牆或實心牆面；若是石膏板或輕隔間，則需要使用對應的膨脹螺絲或請專業安裝，並且請先評估牆面的承重能力。

我已經為您轉接真人客服，稍後會有專人與您聯繫協助。還有其他需要幫忙的嗎？",,False,['R-2']
[],請問隱私政策，另外轉真人處理發票抬頭,"關於隱私政策，我們的政策說明您提供的Email僅用於本次服務聯繫與訂單通知，不會做行銷用途。您可以參考我們的隱私權政策了解更多細節。

至於轉真人處理發票抬頭的需求，目前系統轉接真人時發生錯誤，建議您直接聯繫我們的客服團隊以獲得協助。需要我幫您留下聯絡資訊或其他協助嗎？",,False,"['R-2', 'R-4']"
[],能給我客服時間嗎？以及 27 吋單臂對比表,"客服時間為週一至週五 09:30 至 18:00（國定假日除外）。如果遇到尖峰時段，建議留下 Email，我們會盡速回覆您。

關於 27 吋單臂的產品，目前沒有符合條件的產品資料。請問您是否需要我幫您查找其他尺寸或類型的產品？",,True,[]
[],我要看訂單清單，並問 49 吋是否太重,請問您能提供您的用戶ID或註冊時使用的電子郵件嗎？這樣我可以幫您查詢訂單清單。另外，您是想知道49吋的顯示器是否太重嗎？還是指其他產品的重量？請您確認一下，謝謝！,,True,[]
[],發票改抬頭可以嗎？同時列出我的 order_id,"關於發票抬頭的更改，電子發票的抬頭和統一編號需要在下單時填寫，如果遺漏，請在出貨前聯繫客服協助處理。

另外，請問您能提供您的會員帳號或用戶ID嗎？這樣我才能幫您查詢您的訂單編號（order_id）。",,True,[]
[],我想問安裝時間，要 20 分鐘內能完成的款式，順便看運費,"以下是安裝時間可在20分鐘內完成的款式：
1. JTCG 雙螢幕氣壓臂 Pro（支援至 32 吋）
2. JTCG 單臂支架 Lite（至 27 吋）
3. JTCG 超寬螢幕重載臂（至 49 吋）
4. JTCG 壁掛式伸縮臂（至 34 吋）
5. JTCG 筆電托盤＋VESA 轉接組
6. JTCG 桌面走線管理組

關於運費：
- 現貨商品於1-2個工作天出貨，標準運送滿NT$1500免運費，離島或外島運費另計。
- 預購商品依頁面標示時程到貨，運費計算與是否合併以結帳頁為準。
- 主要配送台灣本島，離島/外島運費與時程將於結帳頁顯示。

請問您需要我幫您推薦或查詢哪一款的詳細資訊嗎？",,False,['R-3']
[],桌深 60cm 夠嗎？另外查一下配送進度,您好，請問您指的是桌子的深度60cm是否足夠用來安裝顯示器支架嗎？還是有其他用途呢？另外，請問您需要查詢哪一筆訂單的配送進度呢？請提供訂單編號或您的用戶ID，方便我幫您查詢。,,True,[]
[],預購會分批出貨嗎？也幫我推薦超寬臂,"預購商品會依頁面標示時間到貨，若同單含現貨與預購，可能會採分批出貨，運費計算與是否合併以結帳頁面為準。

關於超寬臂的推薦，這裡有幾款適合超寬螢幕的臂架：
1. [JTCG 超寬螢幕重載臂 (支援至 49 吋)](https://example.com/jtcg/p/JTCG-ARM-ULTRAWIDE-49) - 適用 34~49 吋超寬曲面螢幕，建議確認重量與 VESA 規格。
2. [JTCG 雙螢幕氣壓臂 Pro (支援至 32 吋)](https://example.com/jtcg/p/JTCG-ARM-DUAL-PRO-32) - 一般 24~32 吋皆可，適合雙螢幕使用。

如果需要更詳細的規格或其他款式，也可以告訴我您的螢幕尺寸與重量，我幫您挑選合適的臂架。",,True,[]
[],你們支援 LINE Pay 嗎？同時查最新訂單,"我們支援 LINE Pay 作為付款方式之一，您可以使用 LINE Pay 進行支付。

不過，我這邊無法找到您的訂單紀錄，請問您是否方便提供您的用戶ID或其他訂單相關資訊，以便我幫您查詢最新訂單？",,True,[]
[],是否支援 Apple Pay？另外 VESA 轉接板哪款,"1. 支援 Apple Pay：
根據我們的付款方式說明，JTCG Shop 支援信用卡（VISA / Master / JCB）、Apple Pay、Google Pay、LINE Pay 等多種付款方式，並且部分銀行提供分期付款服務。

2. VESA 轉接板推薦：
我們有一款名為「JTCG 筆電托盤＋VESA 轉接組」（SKU: JTCG-LAPTOP-VESA-KIT），可搭配任一支援 VESA 的螢幕臂使用，支援 VESA 75x75 和 100x100 標準。

如果您需要，我可以提供該產品的購買連結或更多資訊。",,False,['R-4']
[],請轉真人，同時幫我估重量是否合適,您好，請問您是需要轉接真人客服協助您估算什麼物品的重量是否合適嗎？請提供更詳細的資訊，例如物品種類或用途，這樣我才能幫您更準確地處理。謝謝！,,False,['R-2']
[],I need invoice reissue and a mount suggestion.,"To assist you with the invoice reissue and mount suggestion, could you please provide me with the following details:
1. Your order ID or any purchase details for the invoice reissue.
2. The specifications or requirements for the mount, such as the size of the monitor, weight, VESA standard, and desk thickness if known.",,True,[]
[],查詢購買紀錄，另外比較雙臂承重差異,請問您能提供您的用戶ID或訂單相關資訊，以便我幫您查詢購買紀錄？另外，您想比較哪兩款雙臂的承重差異呢？請提供產品名稱或型號。,,True,[]
[],客服表單連結？同時推薦壁掛與桌夾差異,"您好！關於客服表單連結，我可以幫您建立客服支援工單，請問您方便提供您的電子郵件嗎？

另外，關於壁掛與桌夾的差異，簡單說明如下：
- 壁掛式：將顯示器固定在牆壁上，節省桌面空間，適合空間有限或希望保持桌面整潔的使用者。
- 桌夾式：將顯示器固定在桌面邊緣的夾具上，安裝方便且可調整位置，適合需要靈活調整顯示器位置的使用者。

如果您需要，我也可以推薦適合的壁掛與桌夾產品，請問您的顯示器尺寸、重量或其他需求嗎？",,False,['R-4']
[],有沒有 USB hub 的臂？順便查 u_333333 訂單,"目前沒有專門帶有 USB hub 的臂架。不過這裡有幾款熱門的臂架產品，您可以參考看看：
1. [JTCG 雙螢幕氣壓臂 Pro（支援至 32 吋）](https://example.com/jtcg/p/JTCG-ARM-DUAL-PRO-32)
2. [JTCG 單臂支架 Lite（支援至 27 吋）](https://example.com/jtcg/p/JTCG-ARM-SINGLE-LITE-27)
3. [JTCG 超寬螢幕重載臂（支援至 49 吋）](https://example.com/jtcg/p/JTCG-ARM-ULTRAWIDE-49)
4. [JTCG 壁掛式伸縮臂（支援至 34 吋）](https://example.com/jtcg/p/JTCG-WALL-ARM-34)

關於您的訂單 u_333333，這裡有兩筆訂單紀錄：
- 訂單編號 JTCG-202508-14011，訂購了 JTCG 雙螢幕氣壓臂 Pro（支援至 32 吋），下單日期為 2025-08-14。
- 訂單編號 JTCG-202507-30021，訂購了 JTCG 壁掛式伸縮臂（支援至 34 吋），下單日期為 2025-07-30。

請問您需要查詢哪一筆訂單的詳細資訊？或者需要我幫您查詢其他產品？",,False,['R-1']
[],退貨與換貨差別？另外有沒有現貨資訊,"退貨與換貨的差別如下：
- 退貨流程：線上提出申請 → 包裝回收 → 檢查完成後辦理退款。退款時間約7至14個工作天，依支付方式與銀行作業為準。
- 換貨政策：提供7天鑑賞期（含例假日），商品需保持全新、完整包裝與配件。若非瑕疵退換貨，可能需自行負擔運費。

關於現貨資訊：
- 預購商品會依頁面標示時間到貨，若同單含現貨與預購，可能採分批出貨。
- 現貨商品出貨時間約1至2個工作天，預購商品依標示時間為準。
- 商品頁可選擇「到貨通知我」，系統會在補貨後以Email通知。

如果需要更詳細的退換貨流程或現貨狀態，請告訴我。",,False,['R-4']
[],能否改用穿孔固定？也給我我的訂單列表,"關於改用穿孔固定的部分，穿孔固定相比夾具安裝，具有更好的穩定性，適合較厚的桌板或特殊材質的桌面，如玻璃或軟木桌板。若桌面是玻璃或軟木，建議使用墊片或改用穿孔固定方式。

另外，您的訂單列表目前無法查詢到，可能是因為系統中沒有找到您的用戶ID。請確認您是否已登入或提供正確的用戶ID，以便我幫您查詢訂單。",,True,[]
[],請問兒童安全注意事項，順便推薦穩定款,"兒童安全注意事項包括：
1. 建議加裝桌面保護墊，避免桌面刮傷。
2. 避免兒童攀爬或懸掛在螢幕支架上，並定期檢查螺絲固定狀況。
3. 建議以微濕布擦拭，避免使用含溶劑的清潔劑。
4. 走線管理建議固定於支架後方，避免拉扯。
5. 壁掛安裝需注意牆體承重，建議使用磚牆或實心牆面，並請專業安裝。

推薦幾款穩定款螢幕支架：
1. JTCG 雙螢幕氣壓支架 Pro（支援至32吋），適合一般24~32吋螢幕，背板強化設計。
   商品連結：https://example.com/jtcg/p/JTCG-ARM-DUAL-PRO-32
2. JTCG 單臂支架 Lite（支援至27吋），適合小型輕量螢幕，桌面空間有限者。
   商品連結：https://example.com/jtcg/p/JTCG-ARM-SINGLE-LITE-27
3. JTCG 壁掛式伸縮臂（支援至34吋），需牆面承重良好，適合磚牆或實心牆。
   商品連結：https://example.com/jtcg/p/JTCG-WALL-ARM-34

您可以根據螢幕尺寸與使用環境選擇合適的款式。需要我幫您比較或推薦更詳細的型號嗎？",,False,['R-3']
[],黑貓配送多久？同時问有没有分期,"黑貓配送的出貨時間一般為1到2個工作天出貨，出貨後可於「我的訂單」頁面點擊追蹤碼查看最新配送狀態。如果配送時間過長沒有更新，建議聯繫客服協助查詢。

關於分期付款，JTCG Shop 支援信用卡（VISA / Master / JCB）、Apple Pay、Google Pay、LINE Pay等支付方式，部分銀行提供3期、6期、12期分期付款，實際手續費與門檻會在結帳頁面提示為準。",,True,[]
[],I want to cancel and also get a recommendation.,"I can assist you with both canceling and providing a recommendation. 

To proceed with canceling, could you please provide me with your order ID or any details related to the order you want to cancel?

For the recommendation, could you specify what type of product or category you are interested in? For example, are you looking for monitor arms, accessories, or something else?",,True,[]
[],Can you track my order and tell me return policy?,"To assist you with tracking your order and providing the return policy, I need to know your user ID or the email associated with your account. Could you please provide that information?",,True,[]
[],轉真人處理 RMA，同時想看壁掛指南,"關於RMA（保固申請與維修流程），您需要準備訂單編號與故障影片或照片，並於線上提交RMA申請。客服會在工作日內回覆檢測與處理方式。若您需要轉真人客服處理，我可以協助您建立客服工單，請提供您的電子郵件。

關於壁掛指南，建議安裝於磚牆或實心牆面，若是石膏板或輕隔間需使用對應膨脹螺絲或請專業安裝。安裝時請先評估牆面承重，桌面厚度建議10-85mm，氣壓臂張力可調整以穩定螢幕。桌深建議至少60cm，桌面後方保留10-15cm空間以利走線與臂架活動。

請問您是否需要我幫您轉真人客服處理RMA？若需要，請提供您的電子郵件。",,True,[]
[],user_id u_empty，還有推薦入門款嗎？,"推薦幾款入門款的螢幕臂給您參考：

1. JTCG 單臂支架 Lite（至 27 吋）
   - 適合小型與輕量螢幕，桌面空間有限之使用者。
   - 支援 VESA 75x75, 100x100
   - 適用桌厚 10-70mm
   - 商品連結: https://example.com/jtcg/p/JTCG-ARM-SINGLE-LITE-27

2. JTCG 雙螢幕氣壓臂 Pro（支援至 32 吋）
   - 一般 24–32 吋皆可使用，超寬螢幕建議使用強化背板。
   - 商品連結: https://example.com/jtcg/p/JTCG-ARM-DUAL-PRO-32

3. JTCG 壁掛式伸縮臂（至 34 吋）
   - 適合牆面可承重的安裝環境，建議使用膨脹螺絲與水平儀安裝。
   - 商品連結: https://example.com/jtcg/p/JTCG-WALL-ARM-34

如果您有特定的螢幕尺寸或重量需求，也可以告訴我，我幫您挑選更合適的款式。",,True,[]
[],退款進度多久？同時產品相容性請告訴我,"關於退款進度，退款作業約需7至14個工作天，依照支付方式與銀行作業為準。退款流程包括線上提出申請、包裝回收、檢查完成後辦理退款。

至於產品相容性，這裡有幾款熱門的螢幕支架與配件：
1. JTCG 雙螢幕氣壓臂 Pro（支援至32吋），一般24至32吋皆可，超寬螢幕建議使用強化背板。
2. JTCG 單臂支架 Lite（支援至27吋），適合小型與輕量螢幕，適合桌面空間有限者。
3. JTCG 超寬螢幕重載臂（支援至49吋），適用34至49吋超寬曲面螢幕，建議確認重量與VESA規格。
4. JTCG 壁掛式伸縮臂（支援至34吋），需牆面可承重，建議使用膨脹螺絲與水平儀安裝。
5. JTCG 筆電托盤+VESA轉接組，可搭配任一支援VESA的螢幕臂使用。
6. JTCG 桌面走線管理組，通用型走線整理配件，適合臂架與桌面配線收納。

若您有特定螢幕尺寸、重量或VESA規格需求，也可以告訴我，我幫您找最合適的產品。",,False,"['R-1', 'R-4']"
[],客服是否週末有？也幫我設定到貨通知,"客服服務時間為週一至週五，09:30至18:00，國定假日除外，週末不提供客服服務。

關於到貨通知，您可以在商品頁面點選「到貨通知我」，系統會在補貨後以Email通知您。提醒您，到貨通知僅代表可下單，實際購買以結帳成功為準。

請問您需要我幫您設定到貨通知嗎？如果需要，請告訴我您想設定通知的商品名稱或編號。",,True,[]
[],我要查 JTCG-202508-15083，順便問 49 吋是否支援 200x100,"關於訂單 JTCG-202508-15083，我無法找到您的使用者ID，請問您是否能提供正確的使用者ID或其他訂單相關資訊？

至於 49 吋的顯示器是否支援 200x100 VESA 標準，我查詢到有一款產品 JTCG 超寬螢幕支架（至 49 吋）是適用於 34 至 49 吋超寬曲面螢幕，並建議確認重量與 VESA 標準，該產品支援 200x100 VESA。您可以參考這款產品的詳細資訊：[JTCG 超寬螢幕支架（至 49 吋）](https://example.com/jtcg/p/JTCG-ARM-ULTRAWIDE-49)。

如果您需要我協助查詢訂單，請提供您的使用者ID，謝謝！",,True,[]
[],這款支架會刮桌嗎？另請查我的配送,"關於支架是否會刮桌的問題，這些支架產品一般都有相容的桌面厚度範圍，並且建議使用強化背板或適當的保護措施來避免刮傷桌面。若您有特定型號的支架，我可以幫您查詢更詳細的相容性與使用建議。

至於您的配送查詢，系統顯示找不到您的用戶ID，請問您能提供訂單號碼或註冊用戶ID嗎？這樣我才能幫您查詢配送狀態。",,True,[]
[],發票丟了怎麼辦？也想轉真人,"如果發票丟了，您可以在會員中心補發下載電子發票。發票的抬頭或統編需要在下單時填寫，如果遺漏了，可以在出貨前聯繫客服協助處理。

另外，您想轉真人客服，我可以幫您安排，請提供您的電子郵件地址，方便客服與您聯繫。",,True,[]
[],請給價格保護說明，並推薦替代品,"價格保護說明：
若商品於短期內調降價格，是否提供補差以活動頁公告為準；不同活動檔期可能不適用價格保護。

推薦替代品：
1. JTCG 雙螢幕氣壓臂 Pro（支援至 32 吋）
   網址：https://example.com/jtcg/p/JTCG-ARM-DUAL-PRO-32
   適用一般 24~32 吋螢幕，建議使用強化背板。

2. JTCG 單臂支架 Lite（支援至 27 吋）
   網址：https://example.com/jtcg/p/JTCG-ARM-SINGLE-LITE-27
   適合小型與輕量螢幕，適合桌面空間有限使用者。

3. JTCG 超寬螢幕重載臂（支援至 49 吋）
   網址：https://example.com/jtcg/p/JTCG-ARM-ULTRAWIDE-49
   適用 34~49 吋超寬曲面螢幕，建議確認重載與 VESA 規格。

若需要更詳細的產品資訊或其他需求，請告訴我！",,True,[]
[],運費怎麼算？同時比較兩款單臂價格,"關於運費計算：
- 現貨商品通常在1-2個工作天出貨。
- 預購商品依頁面標示時間出貨。
- 標準運送滿NT$1,500免運費。
- 離島或海外運費另計，會在結帳頁面顯示。

目前沒有找到符合條件的單臂產品，請問您有特定的品牌、尺寸或其他需求嗎？我可以幫您更精確地搜尋比較價格。",,False,['R-5']
[],海外購買保固可用嗎？順便看我的訂單,請問您是指哪一家的商品保固呢？另外，請提供您的會員帳號或訂單編號，我可以幫您查詢您的訂單狀況。,,True,[]
[],我想升級到雙臂，同時查一下 ETA,"我們有一款雙臂支架推薦給您：JTCG 雙螢幕氣壓臂 Pro（支援至 32 吋），適合一般 24–32 吋的螢幕，超寬螢幕建議使用強化背板。您可以在這裡查看產品詳情：https://example.com/jtcg/p/JTCG-ARM-DUAL-PRO-32

另外，請問您是否方便提供您的訂單編號或帳號資訊，好讓我幫您查詢目前的訂單狀態與 ETA？",,True,[]
[],桌子是玻璃，推薦方案並查最近訂單,"您的玻璃桌適用的螢幕支架推薦如下：
1. JTCG 雙螢幕氣壓臂 Pro（支援至 32 吋）
   - 適用一般 24~32 吋螢幕
   - 建議搭配強化背板使用
   - 產品連結：https://example.com/jtcg/p/JTCG-ARM-DUAL-PRO-32
2. JTCG 單臂支架 Lite（支援至 27 吋）
   - 適合小型與輕量螢幕，桌面空間有限者
   - 產品連結：https://example.com/jtcg/p/JTCG-ARM-SINGLE-LITE-27
3. JTCG 超寬螢幕重載臂（支援至 49 吋）
   - 適用 34~49 吋超寬曲面螢幕
   - 建議確認重量與 VESA 標準
   - 產品連結：https://example.com/jtcg/p/JTCG-ARM-ULTRAWIDE-49

關於您的最近訂單，系統中未找到您的用戶ID，請確認您是否已登入或提供正確的用戶資訊，以便查詢訂單。",,True,[]
[],請列我的 order_id，還要問客服時間,請問您可以提供您的用戶ID或註冊的電子郵件地址嗎？這樣我才能幫您查詢您的訂單ID。另外，您想詢問客服的服務時間是嗎？,,True,[]
[],配送卡在處理中，請轉真人並推薦短臂,我已經為您轉接真人客服處理您的配送問題。關於短臂顯示器支架的推薦，目前我們沒有符合短臂類型的產品。您還需要其他類型的支架推薦或有其他問題嗎？,,False,"['R-2', 'R-4']"
[],想問優惠券規則，另外這支臂可直立？,"關於優惠券規則：
- 每筆訂單限使用一張優惠券。
- 不得與部分專案或企業報價合併使用。
- 活動期間及適用商品以頁面公告為準。
- 會員點數可於結帳抵用，但不可折換現金。
- 商品若於短期內調降價格，是否提供補差價以活動公告為準。
- 提供7天鑑賞期，商品需保持全新、完整包裝及配件，非瑕疵退換貨可能需自行負擔運費。
- 臂架與支架類商品享有1年有限保固，非人為損壞可申請檢測與維修。

關於臂是否可直立：
目前查詢到的臂架產品中，沒有特別標示可以直立使用的款式。大部分臂架設計是用於水平或傾斜調整顯示器位置。如果您有特定型號想確認是否能直立，請提供型號，我可以幫您查詢更詳細的使用方式。",,False,['R-3']
[],請問保固登錄流程，與是否可轉讓？,"保固登錄流程通常是部分商品提供線上保固登錄，您需要備妥訂單編號與故障影片或照片，於線上表單提交RMA申請。客服會在工作日內回覆檢測與處理方式。臂架與支架類商品享有1年有限保固，非人為損壞可申請檢測與維修，需提供訂單編號或發票資訊。

關於保固是否可轉讓，保固通常限於原始購買者，不隨轉售轉移。實際情況請以商品頁或憑證說明為準。",,True,[]
[],能否看走線教學，同時查 tracking 碼,您好！請問您是想要觀看產品的走線教學影片或說明，還是需要查詢您訂單的物流追蹤碼呢？如果是查詢物流追蹤碼，請提供您的訂單編號或會員帳號，我可以幫您查詢。,,True,[]
[],貨到時可加購安裝嗎？並列出訂單清單,"貨到時可以加購安裝服務，但僅限特定地區，安裝由合作廠商執行，費用會依地區與安裝難度另計。建議您下單前先與客服確認是否支援您所在地區的到府安裝服務。

另外，請問您是否方便提供您的會員帳號或訂單編號，以便我幫您查詢您的訂單清單？目前我無法找到您的訂單資料。",,True,[]
[],請問是否可面交，若不行推薦最快到貨的款式,"目前沒有面交服務的相關資訊。若您需要最快到貨的款式，推薦以下幾款：

1. JTCG 雙螢幕氣壓臂 Pro（支援至 32 吋）
   [產品連結](https://example.com/jtcg/p/JTCG-ARM-DUAL-PRO-32)

2. JTCG 單臂支架 Lite（至 27 吋）
   [產品連結](https://example.com/jtcg/p/JTCG-ARM-SINGLE-LITE-27)

3. JTCG 超寬螢幕重載臂（至 49 吋）
   [產品連結](https://example.com/jtcg/p/JTCG-ARM-ULTRAWIDE-49)

您可以根據您的螢幕尺寸與需求選擇合適的款式。需要我幫您進一步挑選或提供其他資訊嗎？",,True,[]
[],我想查配送，同時問 VESA 75×75 相容,"目前我無法查詢您的配送訂單，可能是因為沒有提供用戶ID或未登入。

關於VESA 75×75相容的產品，我找到以下幾款：
1. JTCG 雙螢幕氣壓臂 Pro（支援至 32 吋），一般24~32吋皆可，建議使用強化背板。
2. JTCG 單臂支架 Lite（支援至 27 吋），適合小型與輕量螢幕，適合桌面空間有限的使用者。
3. JTCG 壁掛式伸縮臂（支援至 34 吋），需牆面可承重，建議使用膠胚螺絲與水平儀安裝。
4. JTCG 筆電托盤＋VESA 轉接組，可搭配任一支援 VESA 的螢幕臂使用。

如果您需要，我可以協助您查詢訂單配送狀態，請提供您的用戶ID或登入資訊。或者您想了解更多產品細節嗎？",,False,['R-4']
[],退货流程+商品推荐（简体）,"关于退货流程，您可以参考以下步骤：
1. 在线提出退货申请。
2. 包装商品并寄回。
3. 商家收到商品后进行检查。
4. 检查完成后办理退款。
退款时间大约需要7到14个工作日，具体根据支付方式和银行处理时间而定。

此外，我为您推荐几款热门的显示器支架产品，您可以根据需求选择：
1. JTCG 双屏气压臂 Pro（支持至32寸）- 适合一般24至32寸显示器，建议超宽屏使用强化背板。
   [产品链接](https://example.com/jtcg/p/JTCG-ARM-DUAL-PRO-32)
2. JTCG 单臂支架 Lite（支持至27寸）- 适合小型及轻量显示器，适合桌面空间有限的用户。
   [产品链接](https://example.com/jtcg/p/JTCG-ARM-SINGLE-LITE-27)
3. JTCG 超宽显示器重载臂（支持至49寸）- 适用于34至49寸超宽曲面显示器，建议确认重量和VESA规格。
4. JTCG 壁挂式伸缩臂（支持至34寸）- 适合墙面承重，建议使用膨胀螺丝和水平仪安装。
5. JTCG 笔电托盘+VESA转接组 - 可搭配任一支持VESA的显示器臂使用。
6. JTCG 桌面走线管理组 - 通用型走线整理配件，适合臂架和桌面线缆收纳。

如果您需要更详细的产品信息或其他帮助，请告诉我！",,False,['R-4']
[],查询订单+转人工（简体）,您好，我需要确认您的用户ID或账户信息才能帮您查询订单。请您提供相关信息，或者如果您需要转人工服务，也请告诉我您的邮箱，我可以帮您创建一个支持工单。您需要哪种帮助呢？,,True,[]
[],Compare two mounts and cancel my latest order.,"To assist you with comparing two mounts, could you please provide the details or specifications of the two mounts you want to compare? For example, the product names, sizes, or any specific features you are interested in.

Also, to cancel your latest order, I need to know your user ID or the email associated with your account to find your latest order details. Could you please provide that information?",,True,[]
[],客服时段+是否支持Apple Pay（简体）,"客服时段为周一至周五09:30–18:00（国定假日除外）。如果遇到高峰期，可以留下Email，客服会尽快回复。

关于支付方式，JTCG Shop支持信用卡（VISA / Master / JCB）、Apple Pay、Google Pay、LINE Pay等多种支付方式。",,True,[]
"[{""role"": ""user"", ""content"": [{""type"": ""text"", ""text"": ""請問你們的退換貨政策是什麼？""}]}, {""role"": ""assistant"", ""content"": [{""type"": ""text"", ""text"": ""JTCG Shop 提供 7 天鑑賞期；商品需保持全新且包裝配件完整，非瑕疵退換可能需自行負擔運費。需要我貼上政策頁連結嗎？""}]}]",好，請給我政策連結,JTCG Shop 的退換貨政策是提供 7 天鑑賞期（含例假日），商品需保持全新且包裝配件完整。若為非瑕疵退換貨，可能需自行負擔來回運費。您可以參考我們的退換貨政策頁面了解更多細節。需要我幫您提供該頁面的連結或其他相關資訊嗎？,,False,['R-4']
"[{""role"": ""user"", ""content"": [{""type"": ""text"", ""text"": ""保固多久？要怎麼申請維修？""}]}, {""role"": ""assistant"", ""content"": [{""type"": ""text"", ""text"": ""臂架類商品享 1 年有限保固，申請維修時請準備訂單編號與故障照片/影片，我可提供線上申請表單連結。要現在申請嗎？""}]}]",先給我表單連結就好,請準備訂單編號與故障影片或照片，並於線上表單提交RMA申請。客服會在工作日內回覆檢測與處理方式。若需要，我可以幫您提供申請表單的連結。,,False,['R-4']
"[{""role"": ""user"", ""content"": [{""type"": ""text"", ""text"": ""發票可以開三聯式嗎？結帳時要填什麼？""}]}, {""role"": ""assistant"", ""content"": [{""type"": ""text"", ""text"": ""可以三聯；請在下單時填寫統編與抬頭。出貨後會寄電子發票，也可在會員中心下載。需要教學連結嗎？""}]}]",需要，謝謝,"這裡是三聯式發票的教學重點：
- 本店提供電子發票，出貨完成後會以Email寄送，或可於會員中心下載查詢。
- 若需要三聯式發票，請於下單時備註統一編號與抬頭。

您下單時只要填寫統編與抬頭，系統就會開立三聯式發票。若有需要，我可以協助您操作或提供會員中心下載電子發票的說明。",,False,['R-4']
"[{""role"": ""user"", ""content"": [{""type"": ""text"", ""text"": ""一般出貨要幾天？有沒有免運門檻？""}]}, {""role"": ""assistant"", ""content"": [{""type"": ""text"", ""text"": ""現貨 1–2 個工作天出貨；滿 NT$1,500 免運（離島另計）。要幫你確認某商品是否現貨嗎？""}]}]",想查 JTCG-ARM-DUAL-PRO-32 是否現貨,JTCG 雙螢幕氣壓臂 Pro（支援至 32 吋）是有現貨的。一般 24–32 吋的螢幕皆可使用，超寬螢幕建議使用強化背板。你需要我幫你下單或提供購買連結嗎？,,False,['R-3']
"[{""role"": ""user"", ""content"": [{""type"": ""text"", ""text"": ""VESA 100x100 的 27 吋螢幕，有推薦的單臂嗎？""}]}, {""role"": ""assistant"", ""content"": [{""type"": ""text"", ""text"": ""可參考「JTCG 單臂支架 Lite（至 27 吋）」；支援 75x75/100x100，適合輕量螢幕。要我貼商品頁嗎？""}]}]",貼連結給我,抱歉，目前系統中沒有符合 VESA 100x100 且適用 27 吋螢幕的單臂支架商品。您是否需要我幫您找其他類型的支架或是其他尺寸的推薦呢？,,False,['R-4']
"[{""role"": ""user"", ""content"": [{""type"": ""text"", ""text"": ""桌板厚 85mm 可以用夾具嗎？""}]}, {""role"": ""assistant"", ""content"": [{""type"": ""text"", ""text"": ""多數夾具支援約 10–85mm；若材質為玻璃或軟木，建議加墊片或使用穿孔固定。需要安裝指南嗎？""}]}]",請給我指南,"夾具安裝指南：

1. 確認桌板厚度：您的桌板厚度為85mm，屬於夾具支援範圍的上限，請先確認桌板材質是否堅固（如實木、金屬），避免玻璃或軟木材質直接夾持。

2. 使用墊片：若桌板為玻璃、軟木或其他易損材質，請在夾具與桌板接觸面間加裝墊片，以保護桌面不被壓傷。

3. 調整夾具開口：將夾具的開口調整至略大於桌板厚度（約85mm），確保夾具能穩固夾持桌板。

4. 固定夾具：將夾具放置於桌板邊緣，手動旋緊夾具螺絲，確保夾具牢固固定且不晃動。

5. 安裝支臂或配件：依照產品說明書，將顯示器支臂或其他配件安裝於夾具上。

6. 測試穩固度：安裝完成後，輕輕搖晃支臂，確認夾具固定穩固，無滑動或鬆脫現象。

若需要，我可以幫您推薦適合85mm桌板厚度的夾具產品。需要嗎？",,False,['R-4']
"[{""role"": ""user"", ""content"": [{""type"": ""text"", ""text"": ""我要轉真人客服，謝謝""}]}, {""role"": ""assistant"", ""content"": [{""type"": ""text"", ""text"": ""為協助轉接真人客服，請提供可聯絡的 Email（例如 name@example.com）。""}]}]",my.mail+test@demo.com,已為您轉接真人客服，請稍候。,,True,[]
"[{""role"": ""user"", ""content"": [{""type"": ""text"", ""text"": ""human agent please""}]}, {""role"": ""assistant"", ""content"": [{""type"": ""text"", ""text"": ""To connect you to a human agent, please provide a valid email address (e.g., name@example.com).""}]}]",user@example.com,You have been connected to a human agent. How else may I assist you today?,,False,['R-2']
"[{""role"": ""user"", ""content"": [{""type"": ""text"", ""text"": ""connect to agent""}]}, {""role"": ""assistant"", ""content"": [{""type"": ""text"", ""text"": ""Please share your email so I can transfer you to a human agent.""}]}]",john.doe@sample.org,"You have been connected to a human support agent. They will assist you shortly. If you need anything else, feel free to ask!",,True,[]
"[{""role"": ""user"", ""content"": [{""type"": ""text"", ""text"": ""34 吋曲面螢幕要選哪支臂？""}]}, {""role"": ""assistant"", ""content"": [{""type"": ""text"", ""text"": ""可考慮「超寬螢幕重載臂（至 49 吋）」；承重與 VESA 相容性較充足。需不需要確認你的螢幕重量？""}]}]",重量大概 8 公斤,"針對 34 吋、約 8 公斤的曲面螢幕，推薦您使用「JTCG 超寬螢幕重載臂（至 49 吋）」。這款螢幕臂適用於 34 至 49 吋的超寬曲面螢幕，承重能力足夠，且相容性良好。您可以參考產品頁面了解更多資訊：
https://example.com/jtcg/p/JTCG-ARM-ULTRAWIDE-49

另外，如果您考慮壁掛安裝，也有「JTCG 壁掛式伸縮臂（至 34 吋）」可選，但需確認牆面承重能力並使用適當的安裝配件。",,True,[]
"[{""role"": ""user"", ""content"": [{""type"": ""text"", ""text"": ""49 吋超寬螢幕有支援的重載臂嗎？""}]}, {""role"": ""assistant"", ""content"": [{""type"": ""text"", ""text"": ""有，型號「JTCG 超寬螢幕重載臂（至 49 吋）」支援 100x100/200x100 VESA。要商品頁連結嗎？""}]}]",給我連結,"這是支援 49 吋超寬螢幕的重載臂商品連結：
[JTCG 超寬螢幕重載臂（至 49 吋）](https://example.com/jtcg/p/JTCG-ARM-ULTRAWIDE-49)

您可以點擊連結查看詳細資訊與購買。需要我幫您比較其他型號嗎？",,False,['R-4']
"[{""role"": ""user"", ""content"": [{""type"": ""text"", ""text"": ""我想壁掛，哪個比較適合？""}]}, {""role"": ""assistant"", ""content"": [{""type"": ""text"", ""text"": ""可參考「壁掛式伸縮臂（至 34 吋）」；請確認牆面可承重並使用對應膨脹螺絲。需要牆體條件說明嗎？""}]}]",牆面是石膏板，行嗎？,石膏板牆面通常承重有限，不建議直接在石膏板上安裝壁掛式伸縮臂，因為可能無法承受顯示器的重量，容易造成牆面損壞。建議您確認牆內是否有木樑或其他結構支撐，並使用適合石膏板的膨脹螺絲或加裝加強板。如果需要，我可以幫您找適合石膏板牆面的壁掛方案或其他安裝方式。您需要嗎？,,True,[]
"[{""role"": ""user"", ""content"": [{""type"": ""text"", ""text"": ""有沒有筆電托盤可以裝在臂架上？""}]}, {""role"": ""assistant"", ""content"": [{""type"": ""text"", ""text"": ""有，「筆電托盤＋VESA 轉接組」可搭配支援 VESA 的臂架使用，適用 11–16 吋筆電。需要連結嗎？""}]}]",好，貼上來,"這是筆電托盤＋VESA 轉接組的連結，適用於支援 VESA 的臂架，可裝 11–16 吋筆電：
[JTCG 筆電托盤＋VESA 轉接組](https://example.com/jtcg/p/JTCG-LAPTOP-VESA-KIT)

您可以點擊連結查看詳細資訊與購買。需要我幫您找其他相關配件嗎？",,True,[]
"[{""role"": ""user"", ""content"": [{""type"": ""text"", ""text"": ""走線管理套件你們有賣嗎？""}]}, {""role"": ""assistant"", ""content"": [{""type"": ""text"", ""text"": ""有，商品為「桌面走線管理組」。可協助整理臂架與桌下線材。要看內容物清單嗎？""}]}]",內容物有哪些？,"桌面走線管理組的內容物包括：
- 走線套管
- 魔鬼氈束線帶
- 桌下托盤

這些配件適合用來整理臂架與桌面配線收納。如果需要，我可以提供購買連結給您。",,False,['R-4']
"[{""role"": ""user"", ""content"": [{""type"": ""text"", ""text"": ""可以用 Apple Pay 或 LINE Pay 付款嗎？""}]}, {""role"": ""assistant"", ""content"": [{""type"": ""text"", ""text"": ""支援信用卡、Apple Pay、Google Pay、LINE Pay；部分銀行有 3/6/12 期分期，依結帳頁為準。要我帶你到付款說明嗎？""}]}]",帶我看看付款說明,JTCG Shop 支援信用卡（VISA / Master / JCB）、Apple Pay、Google Pay、LINE Pay。部分銀行提供3/6/12期分期，實際手續費與門檻以結帳頁提示為準。需要我幫你查看其他付款相關資訊嗎？,,False,['R-4']
"[{""role"": ""user"", ""content"": [{""type"": ""text"", ""text"": ""海外可以寄新加坡嗎？運費怎麼算？""}]}, {""role"": ""assistant"", ""content"": [{""type"": ""text"", ""text"": ""主要配送台灣本島；海外配送可先讓客服評估可行方案與費用。需要我幫你轉真人評估嗎？""}]}]",好，那轉真人吧,抱歉，轉接真人時發生了問題，請您稍後再試或直接聯繫我們的客服團隊，我們會協助您評估海外寄送新加坡的方案與運費。還有其他我可以幫忙的嗎？,,False,['R-2']
"[{""role"": ""user"", ""content"": [{""type"": ""text"", ""text"": ""缺貨可以設定到貨通知嗎？""}]}, {""role"": ""assistant"", ""content"": [{""type"": ""text"", ""text"": ""可以，在商品頁點選「到貨通知我」，補貨後會以 Email 通知。要我協助你找到該商品頁嗎？""}]}]",請幫我找 JTCG-ARM-SINGLE-LITE-27,"你查詢的商品「JTCG 單臂支架 Lite（至 27 吋）」（型號 JTCG-ARM-SINGLE-LITE-27）有以下資訊：
- 適合小型與輕量螢幕，桌面空間有限之使用者
- 支援 VESA 75x75、100x100
- 適用桌厚 10-70 mm
- 重量範圍 1-6 kg

商品頁面連結在這裡，你可以點選「到貨通知我」設定到貨通知：
https://example.com/jtcg/p/JTCG-ARM-SINGLE-LITE-27

需要我幫你設定到貨通知嗎？",,True,[]
"[{""role"": ""user"", ""content"": [{""type"": ""text"", ""text"": ""有提供到府安裝嗎？台北地區""}]}, {""role"": ""assistant"", ""content"": [{""type"": ""text"", ""text"": ""部分地區提供到府安裝（由合作廠商執行），費用依地區與難度另計。我可以先幫你留下聯絡資料給客服嗎？""}]}]",先不用，我想看價目,請問您想看哪一類產品的價目呢？例如螢幕支架、配件，或是其他相關商品？我可以幫您查詢最新的產品價格資訊。,,True,[]
"[{""role"": ""user"", ""content"": [{""type"": ""text"", ""text"": ""夾具跟穿孔固定哪個比較穩？""}]}, {""role"": ""assistant"", ""content"": [{""type"": ""text"", ""text"": ""穿孔固定穩定度較高；夾具免鑽孔、安裝快。若桌板材質特殊或很厚，建議選穿孔。需要比較文章嗎？""}]}]",貼比較文章,"以下是夾具與穿孔固定的比較文章摘要：

- 夾具安裝免鑽孔，便利度高，適合桌板厚度在10-85mm之間。
- 穿孔固定穩定性更佳，適合厚桌板或特殊材質，如玻璃或軟木桌板。
- 若桌面後緣有擋板或外翻邊，夾具可能無法使用，建議改用穿孔固定或加裝延伸固定片。
- 夾具建議加裝保護墊片以避免桌面刮傷，並定期檢查螺絲鎖固狀況。
- 穿孔安裝可能需要電鑽與量尺工具，自備使用。

總結來說，穿孔固定較穩定，夾具安裝方便且免鑽孔，選擇可依桌板材質與厚度決定。需要我幫您推薦適合的產品嗎？",,False,['R-4']
"[{""role"": ""user"", ""content"": [{""type"": ""text"", ""text"": ""螢幕 6 公斤可以用哪款臂架？""}]}, {""role"": ""assistant"", ""content"": [{""type"": ""text"", ""text"": ""6 公斤多數單臂可支援；若要更順暢建議選氣壓臂。你偏好單臂還是雙臂？""}]}]",單臂就好,目前我們的產品中沒有特別標示支援6公斤重量的單臂螢幕臂。您是否願意考慮氣壓式的單臂螢幕臂？這類型通常能更好支撐較重的螢幕，並且調整更順暢。,,False,['R-4']
"[{""role"": ""user"", ""content"": [{""type"": ""text"", ""text"": ""氣壓臂張力要怎麼調整才會停在我要的高度？""}]}, {""role"": ""assistant"", ""content"": [{""type"": ""text"", ""text"": ""使用附贈六角扳手微調；順時針/逆時針調整張力，讓螢幕能穩定停住。要看圖解指南嗎？""}]}]",請給我圖解,"氣壓臂張力調整的圖解說明如下：
1. 使用附贈的六角扳手。
2. 順時針或逆時針微調張力。
3. 調整時請逐步進行，避免一次轉動過多圈數。
4. 調整到螢幕能穩定停在你常用的高度。

目前我這邊沒有找到具體的圖片，但這是調整的基本步驟。如果需要，我可以幫你找相關的影片或更詳細的圖文說明。需要嗎？",,False,['R-4']
"[{""role"": ""user"", ""content"": [{""type"": ""text"", ""text"": ""如果我的螢幕沒有 VESA 孔可以怎麼裝？""}]}, {""role"": ""assistant"", ""content"": [{""type"": ""text"", ""text"": ""可用 VESA 轉接板或筆電托盤，需確認尺寸與負重。要我推薦轉接方案嗎？""}]}]",推薦給我,"推薦您使用 JTCG 筆電托盤＋VESA 轉接組，這款產品可以搭配任一支援 VESA 的螢幕臂使用，適合沒有 VESA 孔的螢幕。您可以參考這個連結了解更多資訊與購買：https://example.com/jtcg/p/JTCG-LAPTOP-VESA-KIT

如果您需要其他類型的支架或轉接方案，也可以告訴我您的螢幕尺寸和重量，我可以幫您做更精準的推薦。",,True,[]
"[{""role"": ""user"", ""content"": [{""type"": ""text"", ""text"": ""家裡有小孩，臂架安全要注意什麼？""}]}, {""role"": ""assistant"", ""content"": [{""type"": ""text"", ""text"": ""建議加裝桌面保護墊片、避免孩童攀掛、定期檢查螺絲鎖固與走線。要安全清單給你嗎？""}]}]",好，給清單,"家裡有小孩使用臂架時的安全注意事項清單：

1. 安裝桌面保護墊片：避免臂架夾傷桌面或手指。
2. 固定螺絲與連接件：定期檢查並確保所有螺絲鎖固，防止鬆動。
3. 避免孩童攀掛臂架：教育孩童不要攀爬或拉扯臂架，防止跌落或損壞。
4. 整理走線：將電線整理收納，避免孩童絆倒或拉扯。
5. 選擇安全設計的臂架：選擇有防夾手設計或安全鎖扣的產品。
6. 適當調整臂架高度與角度：避免臂架在使用中突然移動造成傷害。
7. 監督使用：小孩使用時需有成人監督，避免誤操作。

需要我幫你推薦適合家有小孩使用的安全臂架產品嗎？",,True,[]
"[{""role"": ""user"", ""content"": [{""type"": ""text"", ""text"": ""壁掛安裝對牆體有什麼要求？""}]}, {""role"": ""assistant"", ""content"": [{""type"": ""text"", ""text"": ""建議磚牆或實心牆；若石膏板需對應膨脹螺絲或專業安裝。要參考壁掛指南嗎？""}]}]",給我指南連結,這是壁掛安裝需注意的牆體條件指南：建議安裝於磚牆或實心牆面；若為石膏板/輕隔間需使用對應膨脹螺絲或請專業安裝，並請先評估牆面承重。若需要更詳細的安裝說明或其他相關資訊，請告訴我！,,False,['R-4']
"[{""role"": ""user"", ""content"": [{""type"": ""text"", ""text"": ""RMA 要怎麼申請？要哪些資料？""}]}, {""role"": ""assistant"", ""content"": [{""type"": ""text"", ""text"": ""請提供訂單編號與故障照片/影片，線上表單填寫後，客服會回覆處理時程。要我送你到 RMA 表單嗎？""}]}]",是的，謝謝,請提供您的電子郵件，我將幫您送出 RMA 表單連結。,,True,[]
"[{""role"": ""user"", ""content"": [{""type"": ""text"", ""text"": ""電子發票可以重發或改抬頭嗎？""}]}, {""role"": ""assistant"", ""content"": [{""type"": ""text"", ""text"": ""可在會員中心補發下載；抬頭/統編需於下單時填寫，若遺漏請在出貨前聯繫客服協助。需要操作步驟嗎？""}]}]",請給步驟,"電子發票補發及抬頭修改步驟如下：

1. 補發電子發票：
   - 登入會員中心。
   - 進入「訂單查詢」或「發票管理」頁面。
   - 找到欲補發的訂單，點選「補發電子發票」。
   - 電子發票將以Email寄送至您的註冊信箱，或提供下載連結。

2. 抬頭/統編修改：
   - 請於訂單出貨前，聯繫客服提供正確的抬頭及統編資訊。
   - 客服確認後會協助修改發票資料。
   - 若訂單已出貨，發票抬頭無法更改，需重新開立發票。

如需客服聯繫方式或其他協助，請告知。",,False,['R-3']
"[{""role"": ""user"", ""content"": [{""type"": ""text"", ""text"": ""公司大量採購可以談專案報價嗎？學校也可以嗎？""}]}, {""role"": ""assistant"", ""content"": [{""type"": ""text"", ""text"": ""可以，企業/學校均可評估專案報價與安裝服務。要留下需求數量與地點給我們嗎？""}]}]",我要先拿一份聯絡表,請問您需要的是我們公司的聯絡資訊表格，還是專案報價的需求表格呢？方便告訴我您偏好的聯絡方式（例如電話、電子郵件）嗎？我可以幫您準備。,,True,[]
"[{""role"": ""user"", ""content"": [{""type"": ""text"", ""text"": ""退貨流程跟退款大概多久會完成？""}]}, {""role"": ""assistant"", ""content"": [{""type"": ""text"", ""text"": ""退貨：提出申請→回收→檢查→退款，通常約 7–14 個工作天（依支付方式與銀行作業）。要我提供申請入口嗎？""}]}]",好，給我入口,您可以在線上提出退貨申請，流程是線上申請→包裝回收→檢查完成後辦理退款。退款時間約7到14個工作天，依支付方式與銀行作業為準。請問需要我幫您提供退貨申請的具體連結或入口嗎？,,False,['R-4']
"[{""role"": ""user"", ""content"": [{""type"": ""text"", ""text"": ""要怎麼查物流追蹤？我想確認包裹在哪裡。""}]}, {""role"": ""assistant"", ""content"": [{""type"": ""text"", ""text"": ""出貨後可在「我的訂單」點擊追蹤碼查看。要我幫你查訂單嗎？若要，請先提供 user_id。""}]}]",我的 user_id 是 u_123456,"你有兩筆訂單：
1. 訂單編號 JTCG-202508-10001，商品為 JTCG 雙螢幕氣壓臂 Pro（支援至 32 吋），下單日期為 2025-08-10。
2. 訂單編號 JTCG-202507-09012，商品為 JTCG 單臂支架 Lite（至 27 吋），下單日期為 2025-07-22。

請告訴我你想查詢哪一筆訂單的物流追蹤？",,True,[]
"[{""role"": ""user"", ""content"": [{""type"": ""text"", ""text"": ""會員點數要怎麼用？會過期嗎？""}]}, {""role"": ""assistant"", ""content"": [{""type"": ""text"", ""text"": ""點數可於結帳抵用，無法折現；效期與規則以會員中心公告為準。要我帶你看說明頁嗎？""}]}]",好的，謝謝,會員點數可於結帳時抵用，但無法折換現金。點數的有效期限與使用規則會以會員中心的公告為準，建議您可以定期查看會員中心的相關公告以掌握最新資訊。需要我協助您查看會員中心的公告或其他相關說明嗎？,,True,[]
"[{""role"": ""user"", ""content"": [{""type"": ""text"", ""text"": ""臂架平常應該怎麼保養清潔？""}]}, {""role"": ""assistant"", ""content"": [{""type"": ""text"", ""text"": ""以微濕布擦拭，避免溶劑；定期檢查關節與螺絲，必要時小幅調整。要保養指南嗎？""}]}]",給我指南連結,這是臂架保養與清潔的建議：建議以微濕布擦拭，避免使用含溶劑的清潔劑。定期檢查關節與螺絲是否鬆動並適度調整。如需詳細指南，您可以參考我們的保養說明文件或官網相關頁面，若需要我可以幫您提供具體連結或文件。,,False,['R-4']
"[{""role"": ""user"", ""content"": [{""type"": ""text"", ""text"": ""桌深與牆距要留多少比較好？我怕臂展不夠。""}]}, {""role"": ""assistant"", ""content"": [{""type"": ""text"", ""text"": ""一般建議桌深至少 60cm，後方保留 10–15cm 利於走線與活動。需要我幫你比對特定型號臂展嗎？""}]}]",幫我比對 32 吋用的款式,"針對 32 吋螢幕，推薦以下幾款臂架：

1. JTCG 雙螢幕氣壓臂 Pro（支援至 32 吋）
   - 適用一般 24–32 吋螢幕，超寬螢幕建議使用強化背板。
   - 連結: https://example.com/jtcg/p/JTCG-ARM-DUAL-PRO-32

2. JTCG 壁掛式伸縮臂（至 34 吋）
   - 適合牆面安裝，需確認牆面承重並使用膨脹螺絲與水平儀安裝。
   - 連結: https://example.com/jtcg/p/JTCG-WALL-ARM-34

桌深建議至少 60cm，牆距建議保留 10–15cm，這樣臂展會比較充足且方便調整。需要我幫你估算這些臂架的臂展長度嗎？",,True,[]
"[{""role"": ""user"", ""content"": [{""type"": ""text"", ""text"": ""走線有推薦的整理方式嗎？常被拉扯。""}]}, {""role"": ""assistant"", ""content"": [{""type"": ""text"", ""text"": ""可沿臂後側與走線槽固定，預留轉動餘量；轉接器與變壓器避免懸空。要走線指南嗎？""}]}]",提供指南，謝謝,"以下是走線整理的指南，幫助避免線材被拉扯損壞：

1. 沿臂後側與走線槽固定：將線材沿著顯示器臂的後側走線槽固定，使用束線帶或魔鬼氈帶固定線材，避免線材懸空或亂纏。

2. 預留轉動餘量：在走線時預留足夠的線材長度，讓顯示器臂轉動時線材不會被拉緊或拉扯。

3. 避免懸空：轉接器與變壓器應放置在穩固位置，避免線材因懸空而承受重量拉扯。

4. 使用束線帶或魔鬼氈帶：定期檢查並重新整理線材，保持整齊。

5. 避免線材交叉或纏繞：保持線材平行走線，減少磨損。

如果需要，我可以提供相關產品或配件推薦，幫助更好地整理走線。需要嗎？",,True,[]
"[{""role"": ""user"", ""content"": [{""type"": ""text"", ""text"": ""贈品漏寄可以補寄嗎？需要什麼資料？""}]}, {""role"": ""assistant"", ""content"": [{""type"": ""text"", ""text"": ""請於 7 日內提供訂單編號與開箱照片，我們會協助補寄。要我給你申請入口嗎？""}]}]",好，謝謝,不客氣！如果需要任何幫助或有其他問題，隨時告訴我喔！祝您購物愉快！,,True,[]
"[{""role"": ""user"", ""content"": [{""type"": ""text"", ""text"": ""VESA 螺絲要用多長、多大規格？""}]}, {""role"": ""assistant"", ""content"": [{""type"": ""text"", ""text"": ""多數為 M4（約 10–14mm）；大型螢幕可能用到 M6/M8，請以螢幕原廠手冊為準。需要螺絲指引嗎？""}]}]",請提供指引,"VESA 螺絲的規格與長度指引如下：
- 多數螢幕背板使用 M4 螺牙，常見長度為 10 到 14 毫米。
- 部分大型或電競機型可能使用 M6 或 M8 螺絲。
- 實際規格請以螢幕原廠手冊為準。
- 安裝時要避免螺絲過長，以免頂壓機板。

如果需要，我可以協助您找到適合的螺絲或相關配件。",,True,[]
"[{""role"": ""user"", ""content"": [{""type"": ""text"", ""text"": ""可以搭配電動升降桌嗎？升降時會不會拉到線？""}]}, {""role"": ""assistant"", ""content"": [{""type"": ""text"", ""text"": ""可以，建議預留 10–15cm 線材餘量並固定走線，避免升降拉扯。需要走線示意圖嗎？""}]}]",需要，謝謝,"我會為您準備一份電動升降桌搭配走線示意圖的說明，方便您參考如何預留線材並固定走線，避免升降時拉扯到線。請稍等片刻。
以下是電動升降桌搭配走線的建議示意：

1. 預留線材餘量：在連接顯示器與電腦的線材部分，建議預留約10至15公分的線材餘量，避免升降時線材被拉緊。

2. 固定走線：使用束線帶或走線夾將線材固定在桌腳或桌面下方，避免線材隨著桌面升降而晃動或拉扯。

3. 走線路徑：盡量沿著桌腳內側或桌面下方走線，避免線材暴露在外，減少磨損風險。

4. 使用彈性線材保護套：可選用彈性線材保護套包覆線材，增加線材耐用度。

如果您需要，我也可以協助您挑選適合電動升降桌使用的顯示器支架或配件，讓您的工作環境更整潔安全。需要我幫您找找嗎？",,False,['R-4']
"[{""role"": ""user"", ""content"": [{""type"": ""text"", ""text"": ""桌後有擋板，夾具還能用嗎？要注意什麼？""}]}, {""role"": ""assistant"", ""content"": [{""type"": ""text"", ""text"": ""請確認夾持深度與高度是否足夠；若干涉可改穿孔或加延伸固定片。要我幫你評估尺寸嗎？""}]}]",擋板高度約 60mm,請問您的桌板厚度是多少？還有您需要夾具支撐的螢幕尺寸和重量是多少？這樣我可以幫您確認夾具是否適用。,,True,[]
"[{""role"": ""user"", ""content"": [{""type"": ""text"", ""text"": ""雙螢幕不同尺寸能混搭嗎？會不會歪？""}]}, {""role"": ""assistant"", ""content"": [{""type"": ""text"", ""text"": ""可混搭，建議重量相近並分別調整各臂張力即可。要張力調整教學嗎？""}]}]",好，給我教學,"調整雙螢幕不同尺寸的螢幕支架張力，讓螢幕保持平衡不歪斜，您可以依照以下步驟操作：

1. 確認螢幕支架的張力調整螺絲位置，通常位於支架臂的關節處。
2. 先將兩個螢幕安裝在支架上，並大致調整到您想要的位置。
3. 依照螢幕重量，使用適當的工具（通常是內六角扳手）調整張力螺絲：
   - 若螢幕往下垂，表示張力不足，請順時針轉動增加張力。
   - 若螢幕往上翹，表示張力過大，請逆時針轉動減少張力。
4. 調整時建議每次轉動約1/4圈，然後測試螢幕是否能保持平衡。
5. 反覆調整直到兩個螢幕都能穩定停留在理想位置，不會自行下垂或上翹。

如果您需要，我也可以幫您找相關的影片教學或產品說明書。需要嗎？",,True,[]
"[{""role"": ""user"", ""content"": [{""type"": ""text"", ""text"": ""包裝裡會附什麼？需要自備哪些工具？""}]}, {""role"": ""assistant"", ""content"": [{""type"": ""text"", ""text"": ""標配含臂架、夾具/穿孔配件、六角扳手與 VESA 螺絲；穿孔安裝可能需自備電鑽。要開箱清單嗎？""}]}]",請提供清單,"包裝內附清單如下：
1. 臂架本體
2. 夾具或穿孔安裝配件（依購買型號而定）
3. 六角扳手（用於組裝與調整）
4. VESA 螺絲（用於固定螢幕）

自備工具建議：
- 電鑽（若使用穿孔安裝方式）
- 螺絲起子（視需要）

如需更詳細的安裝說明或其他協助，請告訴我！",,True,[]
"[{""role"": ""user"", ""content"": [{""type"": ""text"", ""text"": ""剛收到外箱破損，還有零件少了，怎麼處理？""}]}, {""role"": ""assistant"", ""content"": [{""type"": ""text"", ""text"": ""請拍照外箱與內容物，於 7 日內連同訂單編號回報，我們會協助補件或售後處理。需要申請頁面嗎？""}]}]",要，謝謝,"請您點擊以下連結進入申請頁面，填寫相關資訊並上傳破損及缺件照片，我們會盡快為您處理：

[售後服務申請頁面]

如果需要，我也可以協助您填寫申請表格，請告訴我您的訂單編號。",,False,['R-4']
"[{""role"": ""user"", ""content"": [{""type"": ""text"", ""text"": ""下單後可以改地址或換商品嗎？""}]}, {""role"": ""assistant"", ""content"": [{""type"": ""text"", ""text"": ""未出貨前可協助修改；若已入出貨流程，可能需取消重下。要我幫你確認訂單狀態嗎？提供 user_id 即可。""}]}]",user_id 是 u_999999,您的訂單 JTCG-202508-11021 目前狀態是處理中（processing），尚未出貨，因此可以協助您修改送貨地址或更換商品。請問您需要修改地址還是換商品？或者有其他需求？,,False,['R-3']
"[{""role"": ""user"", ""content"": [{""type"": ""text"", ""text"": ""我想取消訂單並退款，可以嗎？""}]}, {""role"": ""assistant"", ""content"": [{""type"": ""text"", ""text"": ""未出貨可取消；已出貨需走退貨流程。退款約 7–14 個工作天。要我協助提交取消嗎？""}]}]",先查狀態再決定,請提供您的訂單編號或會員帳號，我幫您查詢訂單狀態。,,True,[]
"[{""role"": ""user"", ""content"": [{""type"": ""text"", ""text"": ""預購品會不會跟現貨分開寄？運費怎算？""}]}, {""role"": ""assistant"", ""content"": [{""type"": ""text"", ""text"": ""可能分批出貨；運費與是否合併以結帳頁為準。需要我幫你看該商品頁的說明嗎？""}]}]",好，麻煩,預購品會依頁面標示的時程到貨，若同一訂單中含有現貨與預購品，可能會採分批出貨。運費的計算與是否合併運費，則以結帳頁面顯示為準。若需要更詳細的說明或有其他問題，歡迎告訴我！,,False,['R-5']
"[{""role"": ""user"", ""content"": [{""type"": ""text"", ""text"": ""保固需要另外登錄嗎？可以轉移給下一位買家嗎？""}]}, {""role"": ""assistant"", ""content"": [{""type"": ""text"", ""text"": ""部分商品可線上登錄；保固通常限原始購買者，不隨轉售轉移。要登錄頁面嗎？""}]}]",給我看登錄頁,請問您是要查詢哪一款商品的保固登錄頁面呢？還是需要我幫您找到一般的保固登錄入口？,,False,['R-4']
"[{""role"": ""user"", ""content"": [{""type"": ""text"", ""text"": ""臂架有異音，該怎麼排除？""}]}, {""role"": ""assistant"", ""content"": [{""type"": ""text"", ""text"": ""先檢查螺絲鎖付與走線干涉；必要時在關節轉點少量潤滑。要保養/異音指南嗎？""}]}]",是，請給我,"臂架異音排除與保養建議如下：
1. 輕微金屬摩擦聲屬正常磨合現象。
2. 若異音明顯，請檢查螺絲是否鎖緊，並確認走線沒有干涉。
3. 必要時可在關節轉點施以少量潤滑，但請避免沾染面板。
4. 建議以微濕布擦拭臂架，避免使用含溶劑的清潔劑。
5. 定期檢查關節與螺絲是否鬆動，並適度調整。

這些步驟有助於排除異音並保持臂架良好狀態。需要我協助您尋找潤滑劑或其他保養用品嗎？",,True,[]
"[{""role"": ""user"", ""content"": [{""type"": ""text"", ""text"": ""可以單買螺絲或轉接板嗎？在哪裡找？""}]}, {""role"": ""assistant"", ""content"": [{""type"": ""text"", ""text"": ""可於配件館選購；若找不到對應零件，請提供 SKU 與需求給客服協助。要我幫你找配件頁嗎？""}]}]",幫我找一下,"您可以在配件館找到螺絲和轉接板相關產品，例如：

1. JTCG 筆電托盤＋VESA 轉接組
   [產品連結](https://example.com/jtcg/p/JTCG-LAPTOP-VESA-KIT)
   可搭配任一支援 VESA 的螢幕臂使用。

如果您有特定的螺絲或轉接板需求，也可以提供產品 SKU，我可以幫您確認是否有對應配件。需要我幫您查找特定產品的配件嗎？",,False,['R-4']
"[{""role"": ""user"", ""content"": [{""type"": ""text"", ""text"": ""剛買就降價會補差嗎？條件是什麼？""}]}, {""role"": ""assistant"", ""content"": [{""type"": ""text"", ""text"": ""是否補差依活動頁公告；不同檔期可能不適用價格保護。需要價格政策連結嗎？""}]}]",需要,價格保護與調降補差的規定是：若商品於短期內調降價格，是否提供補差以活動頁公告為準；不同活動檔期可能不適用價格保護。您可以留意購買時的活動頁公告來確認是否符合補差條件。需要我幫您查詢目前有無相關活動公告嗎？,,False,['R-4']
"[{""role"": ""user"", ""content"": [{""type"": ""text"", ""text"": ""你們會怎麼使用我提供的 Email？會拿去行銷嗎？""}]}, {""role"": ""assistant"", ""content"": [{""type"": ""text"", ""text"": ""Email 僅用於本次服務聯繫與訂單通知，不做行銷用途。更多可見隱私權政策。要載點嗎？""}]}]",好，給我,我們的隱私權政策說明，您提供的 Email 僅用於本次服務聯繫與訂單通知，不會用於行銷用途。若您需要，我可以提供完整的隱私權政策內容給您參考。需要嗎？,,False,['R-4']
"[{""role"": ""user"", ""content"": [{""type"": ""text"", ""text"": ""我要查訂單狀態，幫我看一下最近那筆。""}]}, {""role"": ""assistant"", ""content"": [{""type"": ""text"", ""text"": ""沒問題，請先提供 user_id，我會先列出你的訂單供選擇要查哪一筆。""}]}]",u_333333,你最近的一筆訂單是訂單編號 JTCG-202508-14011，訂購日期是 2025-08-14，商品是 JTCG 雙螢幕氣壓臂 Pro（支援至 32 吋）。請問你要查詢這筆訂單的詳細狀態嗎？,,True,[]
"[{""role"": ""user"", ""content"": [{""type"": ""text"", ""text"": ""幫我查配送進度，我有追蹤碼嗎？""}]}, {""role"": ""assistant"", ""content"": [{""type"": ""text"", ""text"": ""我可以幫你查，請先提供 user_id；列出訂單後你再指定 order_id，我就能提供追蹤資訊。""}]}]",user_id u_444444,你有一筆訂單，訂單編號是 JTCG-202508-09031，訂購的商品是 JTCG 單臂支架 Lite（至 27 吋）。請問你要查詢這筆訂單的配送進度嗎？,,True,[]
"[{""role"": ""user"", ""content"": [{""type"": ""text"", ""text"": ""查訂單 JTCG-202508-10001 的明細內容。""}]}, {""role"": ""assistant"", ""content"": [{""type"": ""text"", ""text"": ""為保護資料，我會先列出你的訂單讓你指認。請先提供 user_id，我再帶你選擇對應的 order_id。""}]}]",我的 user_id 是 u_123456,"訂單 JTCG-202508-10001 的明細如下：
- 訂購日期：2025-08-10
- 訂單狀態：運送中
- 運送承運商：DHL，追蹤號碼 DHL1234567，預計到達日期 2025-08-16
- 商品項目：
  1. JTCG 雙螢幕氣壓臂 Pro（支援至 32 吋） x 1
  2. JTCG 桌面走線管理組 x 1
- 運送地址：台北市信義區松高路 100 號 10 樓
- 聯絡電話：0912-345-678

您也可以透過此連結查看訂單詳情：https://example.com/jtcg/o/JTCG-202508-10001

還需要我幫您查詢其他資訊嗎？",,False,['R-1']
"[{""role"": ""user"", ""content"": [{""type"": ""text"", ""text"": ""想看我的訂單列表。""}]}, {""role"": ""assistant"", ""content"": [{""type"": ""text"", ""text"": ""好的，請提供 user_id，我會列出你的 order_id 清單供你選擇查詢。""}]}]",u_empty,你目前沒有任何訂單紀錄。如果有其他需要幫助的地方，請告訴我！,,False,['R-1']
"[{""role"": ""user"", ""content"": [{""type"": ""text"", ""text"": ""在線客服還有營業嗎？今天可以聊嗎？""}]}, {""role"": ""assistant"", ""content"": [{""type"": ""text"", ""text"": ""線上客服時段為週一至週五 09:30–18:00（國定假日除外）。若需要轉真人，請提供 Email。""}]}]",那先給我轉真人吧,請提供您的電子郵件地址，我將幫您轉接真人客服。,,True,[]
"[{""role"": ""user"", ""content"": [{""type"": ""text"", ""text"": ""service hours for support?""}]}, {""role"": ""assistant"", ""content"": [{""type"": ""text"", ""text"": ""Our live support hours are Mon–Fri 09:30–18:00 (Taiwan time). If you need a human agent, please provide your email.""}]}]","ok, john@acme.co","I have created a support ticket and connected you to a human agent. They will assist you shortly via the email john@acme.co. If you have any other questions, feel free to ask!",,True,[]
"[{""role"": ""user"", ""content"": [{""type"": ""text"", ""text"": ""請推薦 32 吋可用的單臂款式，桌深 60cm。""}]}, {""role"": ""assistant"", ""content"": [{""type"": ""text"", ""text"": ""可參考「單臂支架 Lite（至 27 吋）」若螢幕較輕；或重視流暢度可選氣壓臂款。你的螢幕重量大約幾公斤？""}]}]",大約 4.5 公斤,抱歉，桌深 60cm 是指桌面深度，不是桌厚度。請問您的桌厚是多少毫米？這樣我才能幫您找適合的單臂款式。,,False,['R-5']
"[{""role"": ""user"", ""content"": [{""type"": ""text"", ""text"": ""我要雙螢幕加筆電托盤一起用，怎麼搭比較好？""}]}, {""role"": ""assistant"", ""content"": [{""type"": ""text"", ""text"": ""可用「雙螢幕氣壓臂 Pro」搭配「筆電托盤＋VESA 轉接組」。要我把兩個商品頁都給你嗎？""}]}]",好，兩個都給,"這是您要的兩個商品：

1. 雙螢幕氣壓臂 Pro（支援至 32 吋）
   - 適用一般 24~32 吋螢幕，超寬螢幕建議使用強化背板
   - 商品連結：https://example.com/jtcg/p/JTCG-ARM-DUAL-PRO-32
   - 商品圖片：
     ![雙螢幕氣壓臂 Pro](https://example.com/jtcg/img/products/dual_pro_32.png)

2. 筆電托盤＋VESA 轉接組
   - 可搭配任一支援 VESA 的螢幕臂使用
   - 商品連結：https://example.com/jtcg/p/JTCG-LAPTOP-VESA-KIT
   - 商品圖片：
     ![筆電托盤＋VESA 轉接組](https://example.com/jtcg/img/products/laptop_vesa_kit.png)

您可以用雙螢幕氣壓臂 Pro 來支撐兩台螢幕，再用筆電托盤＋VESA 轉接組把筆電固定在同一個支架上，這樣桌面會更整齊且方便使用。需要我幫您確認桌面厚度或螢幕尺寸是否適合嗎？",,True,[]
"[{""role"": ""user"", ""content"": [{""type"": ""text"", ""text"": ""VESA 200x100 的螢幕可以用你們哪款？""}]}, {""role"": ""assistant"", ""content"": [{""type"": ""text"", ""text"": ""「超寬螢幕重載臂（至 49 吋）」支援 200x100。要我確認你的螢幕重量是否在承重範圍嗎？""}]}]",重量 10 公斤內,"符合你需求的產品是 JTCG 超寬螢幕重載臂（至 49 吋），支援 VESA 200x100，且適用重量在 10 公斤內的螢幕。你可以在這裡查看產品詳情與購買：https://example.com/jtcg/p/JTCG-ARM-ULTRAWIDE-49

需要我幫你了解更多產品資訊或是購買流程嗎？",,True,[]
"[{""role"": ""user"", ""content"": [{""type"": ""text"", ""text"": ""我的桌子是玻璃材質，夾具會不會壓裂？有什麼建議？""}]}, {""role"": ""assistant"", ""content"": [{""type"": ""text"", ""text"": ""玻璃桌建議加墊片或改穿孔固定（需專業評估）。也可考慮壁掛方案。要我給你比較資料嗎？""}]}]",給我比較資料,"針對玻璃桌使用夾具的比較資料如下：

1. 夾具建議安裝於10 – 85mm厚的桌板；若是玻璃或軟木材質，建議使用墊片或改用穿孔固定方式，以避免壓裂風險。

2. 夾具安裝免鑽孔，便利度高；穿孔固定穩定性更佳，適合厚桌板或特殊材質。玻璃桌建議使用墊片或改穿孔固定。

3. 建議加裝保護墊片，避免桌面刮傷，並定期檢查螺絲鎖固狀況。

4. 若桌面後緣有擋板或外翻邊，需確認夾具可用夾持深度與高度，若干涉建議改用穿孔固定或加裝延伸固定片。

總結：玻璃桌使用夾具時，最好加墊片保護，或改用穿孔固定方式，以降低壓裂風險。需要我幫你找適合玻璃桌的夾具或穿孔固定產品嗎？",,True,[]
"[{""role"": ""user"", ""content"": [{""type"": ""text"", ""text"": ""安裝大概要花多久時間？我有工具。""}]}, {""role"": ""assistant"", ""content"": [{""type"": ""text"", ""text"": ""一般 20–40 分鐘可完成（依桌面/走線複雜度而異）。要我提供安裝步驟與注意事項嗎？""}]}]",好，給我步驟,"安裝大致步驟如下：

1. 確認包裝內含臂架本體、夾具/穿孔配件、六角扳手、VESA螺絲組（型號依商品而異）。穿孔安裝可能需自備電鑽與量尺。
2. 選擇夾具或穿孔方式固定臂架於桌面。
3. 將螢幕背面的VESA孔位與臂架連接，使用附贈的VESA螺絲組固定。
4. 安裝後用六角扳手調整氣壓臂張力，使螢幕能穩定停在常用高度。調整時避免一次轉動過多圈數。
5. 若是多螢幕，建議兩側重量相近以利平衡，並分別調整各臂張力。

需要我提供更詳細的安裝說明或注意事項嗎？",,True,[]
"[{""role"": ""user"", ""content"": [{""type"": ""text"", ""text"": ""付款失敗怎麼辦？可以重試嗎？""}]}, {""role"": ""assistant"", ""content"": [{""type"": ""text"", ""text"": ""可先確認卡片/網路狀況並重試；仍失敗可改用其他支付或聯繫客服協助。需要支付說明頁嗎？""}]}]",先給我說明頁,付款失敗時，您可以先確認信用卡或網路狀況後再重試付款。若仍然失敗，建議您改用其他支付方式，或聯繫客服尋求協助。若需要更詳細的付款方式與分期說明，我可以提供相關資訊給您。需要嗎？,,False,['R-4']
"[{""role"": ""user"", ""content"": [{""type"": ""text"", ""text"": ""可以面交嗎？我住台北市區。""}]}, {""role"": ""assistant"", ""content"": [{""type"": ""text"", ""text"": ""目前以宅配為主，無提供面交。若有時程需求可告訴我，我幫你參考出貨時程。""}]}]",那最快何時能到？,請問您要查詢的訂單編號或購買日期是什麼？我可以幫您查詢最快的出貨與到貨時間。,,True,[]
"[{""role"": ""user"", ""content"": [{""type"": ""text"", ""text"": ""想了解優惠券使用規則與限制。""}]}, {""role"": ""assistant"", ""content"": [{""type"": ""text"", ""text"": ""每筆訂單限用一張，且部分專案/企業報價不適用；活動期間與適用品項以頁面公告為準。要活動總覽嗎？""}]}]",好的,"優惠券使用規則與限制如下：
- 每筆訂單限使用一張優惠券。
- 不得與部分專案或企業報價合併使用。
- 活動期間與適用品項以頁面公告為準。

如果您需要了解更多活動詳情或其他相關規則，請告訴我！",,True,[]
"[{""role"": ""user"", ""content"": [{""type"": ""text"", ""text"": ""我要變更發票抬頭，出貨前可以改嗎？""}]}, {""role"": ""assistant"", ""content"": [{""type"": ""text"", ""text"": ""可於出貨前由客服協助修改。要我幫你轉真人處理嗎？若要，請提供 Email。""}]}]",ok，email 是 finance@corp.tw,我已幫您建立客服工單，客服人員會透過您提供的 email finance@corp.tw 與您聯繫，協助您在出貨前變更發票抬頭。還有其他需要幫忙的嗎？,,True,[]
"[{""role"": ""user"", ""content"": [{""type"": ""text"", ""text"": ""客服聯絡方式是什麼？有信箱嗎？""}]}, {""role"": ""assistant"", ""content"": [{""type"": ""text"", ""text"": ""可透過線上客服表單或指定信箱聯繫；我也能幫你轉真人協助。需要我先轉接嗎？""}]}]",先不用，給我表單就好,客服線上服務時間為週一至週五09:30至18:00（國定假日除外）。若遇尖峰時段，您可以留下Email，客服會盡速回覆您。您可以透過線上表單提交您的問題或需求。需要我提供線上表單的連結或其他協助嗎？,,False,['R-4']
"[{""role"": ""user"", ""content"": [{""type"": ""text"", ""text"": ""退款大概多久會到帳？信用卡支付""}]}, {""role"": ""assistant"", ""content"": [{""type"": ""text"", ""text"": ""退款約 7–14 個工作天，實際依銀行作業為準。需要退貨/取消流程連結嗎？""}]}]",好，請提供,"退款流程如下：
1. 線上提出退款申請。
2. 若商品已出貨，需先完成退貨包裝並回收。
3. 檢查商品無誤後辦理退款。

退款約需 7–14 個工作天，實際時間依支付方式與銀行作業為準。信用卡支付的退款時間也在此範圍內。

需要我協助您提出退款申請或提供退貨包裝指引嗎？",,False,['R-4']
"[{""role"": ""user"", ""content"": [{""type"": ""text"", ""text"": ""How to track my order status on your site?""}]}, {""role"": ""assistant"", ""content"": [{""type"": ""text"", ""text"": ""Go to “My Orders” and click the tracking code. If you want me to check, please provide your user_id and then choose an order_id.""}]}]",user_id is u_555555,"You have two orders:
1. Order ID: JTCG-202508-01041, placed on 2025-08-01, summary: JTCG 雙螢幕氣壓臂 Pro（支援至 32 吋）
2. Order ID: JTCG-202507-28052, placed on 2025-07-28, summary: JTCG 桌面走線管理組

Please provide the order ID you want to track.",,True,[]
"[{""role"": ""user"", ""content"": [{""type"": ""text"", ""text"": ""Do you ship internationally? I’m in Japan.""}]}, {""role"": ""assistant"", ""content"": [{""type"": ""text"", ""text"": ""We mainly ship within Taiwan. For overseas shipping, we can escalate to a human agent to evaluate options—share your email if you’d like me to transfer you.""}]}]",okay: jpbuyer@mail.jp,"I have forwarded your inquiry about international shipping to a human support agent. They will contact you at jpbuyer@mail.jp with further information. If you have any other questions, feel free to ask!",,True,[]
"[{""role"": ""user"", ""content"": [{""type"": ""text"", ""text"": ""Need invoice reissue, lost the email.""}]}, {""role"": ""assistant"", ""content"": [{""type"": ""text"", ""text"": ""You can re-download the e-invoice in your account after shipment. If you need help, I can transfer you—please share your email.""}]}]",send to billing@xyz.com,"I have forwarded your request for the invoice reissue to our support team. They will assist you shortly via the email billing@xyz.com. If you need further assistance, feel free to ask!",,False,['R-2']
"[{""role"": ""user"", ""content"": [{""type"": ""text"", ""text"": ""请问这款支架支持75×75吗？（简体）""}]}, {""role"": ""assistant"", ""content"": [{""type"": ""text"", ""text"": ""支持，JTCG 多数臂架兼容 75×75 与 100×100。需要我给你对应型号的链接吗？（简体）""}]}]",给链接（简体）,"以下是支持75×75 VESA标准的支架链接：

1. [JTCG 雙螢幕氣壓臂 Pro（支援至 32 吋）](https://example.com/jtcg/p/JTCG-ARM-DUAL-PRO-32)
2. [JTCG 單臂支架 Lite（至 27 吋）](https://example.com/jtcg/p/JTCG-ARM-SINGLE-LITE-27)
3. [JTCG 壁掛式伸縮臂（至 34 吋）](https://example.com/jtcg/p/JTCG-WALL-ARM-34)
4. [JTCG 筆電托盤＋VESA 轉接組](https://example.com/jtcg/p/JTCG-LAPTOP-VESA-KIT)

您可以根据需求选择合适的型号。需要我帮您了解更多产品信息吗？",,False,['R-3']
"[{""role"": ""user"", ""content"": [{""type"": ""text"", ""text"": ""退货政策是什么？（简体）""}]}, {""role"": ""assistant"", ""content"": [{""type"": ""text"", ""text"": ""提供 7 天鉴赏期，商品需保持全新与配件完整；非瑕疵退换可能需自行承担运费。需要政策页面吗？（简体）""}]}]",要（简体）,JTCG Shop 提供 7 天鉴赏期（含例假日）。商品需保持全新、完整包装与配件。若为非瑕疵退换货，可能需自行负担来回运费。退货流程是线上提出申请，包装回收，检查完成后办理退款。退款时程约 7-14 个工作天，依支付方式与银行作业为准。需要我帮您了解退货流程的详细步骤吗？,,False,['R-4']
"[{""role"": ""user"", ""content"": [{""type"": ""text"", ""text"": ""发票怎么开？能填公司抬头吗？（简体）""}]}, {""role"": ""assistant"", ""content"": [{""type"": ""text"", ""text"": ""可以三联电子发票；下单时填写税号与抬头。出货后会寄送邮件且可在会员中心下载。（简体）""}]}]",好（简体）,如果您还有其他问题，随时告诉我！祝您购物愉快！（简体）,,True,[]
"[{""role"": ""user"", ""content"": [{""type"": ""text"", ""text"": ""有没有49寸显示器可用的重载臂？（简体）""}]}, {""role"": ""assistant"", ""content"": [{""type"": ""text"", ""text"": ""有，推荐“超宽显示器重载臂（至49寸）”，支持100×100/200×100 VESA。（简体）""}]}]",给我商品链接（简体）,抱歉，目前系统中没有找到适用于49寸显示器的重载臂商品。您是否需要我帮您查找其他尺寸或类型的显示器臂？（简体）,,False,"['R-4', 'R-3']"
"[{""role"": ""user"", ""content"": [{""type"": ""text"", ""text"": ""我要查询订单（简体）""}]}, {""role"": ""assistant"", ""content"": [{""type"": ""text"", ""text"": ""请先提供 user_id，我会列出你的订单编号供你选择要查询的订单。（简体）""}]}]",user_id u_222222（简体）,"你的订单列表如下：
1. 订单号 JTCG-202508-12005，订单日期 2025-08-12，商品：JTCG 超寬螢幕重載臂（至 49 吋）
2. 订单号 JTCG-202506-05077，订单日期 2025-06-05，商品：JTCG 單臂支架 Lite（至 27 吋）

请告诉我你想查询哪个订单的详细信息？（简体）",,True,[]
"[{""role"": ""user"", ""content"": [{""type"": ""text"", ""text"": ""客服時段是幾點到幾點？假日有嗎？""}]}, {""role"": ""assistant"", ""content"": [{""type"": ""text"", ""text"": ""週一至週五 09:30–18:00，國定假日休息。如需轉真人，請提供 Email。""}]}]",那我留 email：help@me.com,已為您轉接真人客服，稍後會有專人與您聯繫。請注意查收您的郵件。,,True,[]
"[{""role"": ""user"", ""content"": [{""type"": ""text"", ""text"": ""離島運費如何計算？會比較久嗎？""}]}, {""role"": ""assistant"", ""content"": [{""type"": ""text"", ""text"": ""離島/外島運費與時程將於結帳頁顯示，通常較本島久一些。要我幫你估算某品項嗎？""}]}]",不用，先知道規則就好,了解，離島運費會依照地區額外計費，且運送時間通常會比本島稍長。如果未來有需要查詢具體商品的離島運費或配送時間，隨時告訴我，我可以幫你查詢。還有其他問題嗎？,,True,[]
"[{""role"": ""user"", ""content"": [{""type"": ""text"", ""text"": ""螢幕 8 公斤，VESA 100x100，推薦哪款單臂？""}]}, {""role"": ""assistant"", ""content"": [{""type"": ""text"", ""text"": ""建議選擇氣壓臂款以保留調整餘裕；如需更穩可考慮重載臂。要我比對兩款差異嗎？""}]}]",比對給我,目前系統中沒有符合8公斤、VESA 100x100規格的氣壓臂或重載臂產品。您是否需要我幫您查找其他類型的螢幕支架或提供其他建議？,,True,[]
"[{""role"": ""user"", ""content"": [{""type"": ""text"", ""text"": ""我有兩台 27 吋要左右並排，哪個雙臂適合？""}]}, {""role"": ""assistant"", ""content"": [{""type"": ""text"", ""text"": ""「雙螢幕氣壓臂 Pro（至 32 吋）」適合並排，且支援 VESA 75/100。要商品頁嗎？""}]}]",要,目前我們沒有標明為雙臂且適合 27 吋螢幕的產品。不過我可以幫您找適合 27 吋螢幕且支援雙螢幕的氣壓臂，您需要嗎？,,False,"['R-4', 'R-5']"
"[{""role"": ""user"", ""content"": [{""type"": ""text"", ""text"": ""請直接幫我轉真人，問題很多不想打字了。""}]}, {""role"": ""assistant"", ""content"": [{""type"": ""text"", ""text"": ""了解，請提供可聯絡的 Email，我會立即為你轉接真人客服。""}]}]",c@d.cc,已為您轉接真人客服，請稍候。,,True,[]
"[{""role"": ""user"", ""content"": [{""type"": ""text"", ""text"": ""我想比較雙臂與壁掛的差異，你建議哪個？""}]}, {""role"": ""assistant"", ""content"": [{""type"": ""text"", ""text"": ""桌面彈性高→雙臂；節省桌面並有牆面條件→壁掛。看你是否能鑽牆與承重條件。要比較文章嗎？""}]}]",請給比較文章,"以下是雙臂與壁掛顯示器支架的比較重點：

雙臂支架：
- 適合需要桌面彈性高的使用者。
- 可調整各臂張力，讓兩台螢幕都能穩定停駐。
- 適合多螢幕且重量相近的配置，有助於平衡。

壁掛支架：
- 適合想節省桌面空間且有牆面條件的使用者。
- 需安裝於磚牆或實心牆面，若是石膏板或輕隔間需使用對應膨脹螺絲或請專業安裝。
- 需先評估牆面承重能力。

總結：
如果你需要較高的桌面彈性且不介意佔用桌面空間，雙臂支架是較好的選擇；如果你想節省桌面空間且牆面條件允許，壁掛支架會更適合你。安裝壁掛時要特別注意牆面的承重與材質。

需要我幫你推薦適合的雙臂或壁掛支架產品嗎？",,False,['R-4']
"[{""role"": ""user"", ""content"": [{""type"": ""text"", ""text"": ""活動優惠怎麼用？可以和企業報價一起用嗎？""}]}, {""role"": ""assistant"", ""content"": [{""type"": ""text"", ""text"": ""每單限一張券，且多數專案或企業報價不併用。以活動頁公告為準。要我傳活動頁嗎？""}]}]",好,活動優惠的使用規則是每筆訂單限使用一張優惠券，且不得與部分專案或企業報價合併使用。活動期間與適用品項以活動頁面公告為準。如果需要，我可以幫你傳送活動頁的連結或詳細資訊。需要嗎？,,False,['R-4']
"[{""role"": ""user"", ""content"": [{""type"": ""text"", ""text"": ""我想看訂單列表再決定要查哪一筆配送。""}]}, {""role"": ""assistant"", ""content"": [{""type"": ""text"", ""text"": ""請提供 user_id，我會先列出你的 order_id 清單，之後你再指定要查的一筆。""}]}]",u_555555,"你的訂單列表如下：
1. 訂單編號 JTCG-202508-01041，訂購日期 2025-08-01，商品為 JTCG 雙螢幕氣壓臂 Pro（支援至 32 吋）
2. 訂單編號 JTCG-202507-28052，訂購日期 2025-07-28，商品為 JTCG 桌面走線管理組

請告訴我你想查詢哪一筆訂單的配送資訊？",,True,[]
"[{""role"": ""user"", ""content"": [{""type"": ""text"", ""text"": ""這款臂架支援 USB 集線嗎？我想桌面少拉幾條線。""}]}, {""role"": ""assistant"", ""content"": [{""type"": ""text"", ""text"": ""目前多數臂架無內建 USB Hub，可搭配走線管理或外接集線器。要我推薦走線配件嗎？""}]}]",好，推薦我,"我推薦這款走線管理配件給您：
- 名稱：JTCG 桌面走線管理組
- 內容物：走線套管、魔鬼氈束線帶、桌下托盤
- 適用範圍：通用型走線整理配件，適合臂架與桌面配線收納
- 連結：https://example.com/jtcg/p/JTCG-CABLE-MGMT-KIT
這組可以幫助您有效整理桌面線材，讓桌面更整潔。需要我幫您下單嗎？",,True,[]
"[{""role"": ""user"", ""content"": [{""type"": ""text"", ""text"": ""請問 JTCG-ARM-DUAL-PRO-32 的 VESA 支援哪些？""}]}, {""role"": ""assistant"", ""content"": [{""type"": ""text"", ""text"": ""支援 75x75、100x100。若螢幕較重或超寬建議加強背板。需要商品頁嗎？""}]}]",好，給我,"這是 JTCG 雙螢幕氣壓臂 Pro（支援至 32 吋）的商品資訊：
- VESA 支援：75x75、100x100
- 適用螢幕尺寸：一般 24–32 吋皆可，超寬螢幕建議使用強化背板
- 桌面厚度支援：10-85 mm
- 每臂承重：2-9 kg

商品連結：[JTCG-ARM-DUAL-PRO-32](https://example.com/jtcg/p/JTCG-ARM-DUAL-PRO-32)

如需其他資訊，請告訴我！",,True,[]
"[{""role"": ""user"", ""content"": [{""type"": ""text"", ""text"": ""請幫我查訂單配送，剛剛下單沒多久。""}]}, {""role"": ""assistant"", ""content"": [{""type"": ""text"", ""text"": ""我可以協助，請先提供 user_id；列出訂單後你再回覆要查的 order_id。""}]}]",user_id u_222222,"您最近的訂單有兩筆：
1. 訂單編號 JTCG-202508-12005，訂購商品為 JTCG 超寬螢幕重載臂（至 49 吋），下單時間為 2025-08-12 14:20。
2. 訂單編號 JTCG-202506-05077，訂購商品為 JTCG 單臂支架 Lite（至 27 吋），下單時間為 2025-06-05 03:10。

請告訴我您要查詢哪一筆訂單的配送狀態？",,True,[]
"[{""role"": ""user"", ""content"": [{""type"": ""text"", ""text"": ""我需要客服打電話給我，直接轉真人就好。""}]}, {""role"": ""assistant"", ""content"": [{""type"": ""text"", ""text"": ""可以，請提供可聯絡的 Email（僅用於此次服務），確認後我立刻轉接真人客服。""}]}]",contact@home.tw,已為您轉接真人客服，客服人員將會透過您提供的 Email 聯絡您，請注意接聽。若還有其他需要，隨時告訴我！,,True,[]
"[{""role"": ""user"", ""content"": [{""type"": ""text"", ""text"": ""臂架可不可以直立旋轉 90 度？我要直立顯示器。""}]}, {""role"": ""assistant"", ""content"": [{""type"": ""text"", ""text"": ""多數款式支援 ±90° 旋轉；請確認你的螢幕重量與 VESA。要我列幾款支援直立的型號嗎？""}]}]",列給我,目前我們的產品目錄中沒有找到標示為「臂架」的商品。請問你能提供螢幕的尺寸、重量或 VESA 規格嗎？這樣我可以幫你更精確地找出支援直立旋轉的臂架。,,False,['R-4']
"[{""role"": ""user"", ""content"": [{""type"": ""text"", ""text"": ""請問客服表單在哪？我有安裝的問題想問。""}]}, {""role"": ""assistant"", ""content"": [{""type"": ""text"", ""text"": ""我可以提供線上客服表單連結；也可直接轉真人，請提供 Email。你偏好哪種？""}]}]",先表單就好,很抱歉，目前我這裡無法直接提供客服表單的連結。不過，您可以告訴我您遇到的安裝問題，我會盡力幫您解答或提供相關的解決方案。如果問題較複雜，我也可以幫您建立客服工單，之後會有專人聯繫您。請問您方便提供詳細的問題描述嗎？,,False,['R-4']
"[{""role"": ""user"", ""content"": [{""type"": ""text"", ""text"": ""我想用 LINE Pay，有回饋嗎？""}]}, {""role"": ""assistant"", ""content"": [{""type"": ""text"", ""text"": ""是否有回饋依活動公告與付款頁提示為準；我可以帶你看付款說明或活動頁。要哪個？""}]}]",活動頁,目前查到的資訊顯示，JTCG Shop 支援 LINE Pay 付款，但關於 LINE Pay 的回饋活動，需以活動頁公告為準，並沒有具體的回饋細節在我這邊。如果你想了解最新的 LINE Pay 回饋活動，建議你可以直接查看 JTCG Shop 的官方活動頁面或付款頁面的提示，這樣能獲得最準確的回饋資訊。需要我幫你找其他付款方式的回饋資訊嗎？,,False,['R-4']
"[{""role"": ""user"", ""content"": [{""type"": ""text"", ""text"": ""海外退貨可以嗎？流程會很複雜嗎？""}]}, {""role"": ""assistant"", ""content"": [{""type"": ""text"", ""text"": ""需先由客服評估與協助安排，流程時間依物流而異。我可轉真人協助，請提供 Email。""}]}]",ok，我的 email 是 r@o.cc,我已為您轉接真人客服，他們會透過您提供的 Email 與您聯繫，協助您處理海外退貨的相關事宜。若還有其他問題，也歡迎隨時告訴我！,,True,[]
"[{""role"": ""user"", ""content"": [{""type"": ""text"", ""text"": ""幫我比較一下兩款雙螢幕支架的差別，重視穩定度。""}]}, {""role"": ""assistant"", ""content"": [{""type"": ""text"", ""text"": ""在穩定度上，氣壓臂調整流暢、承重餘裕佳；壁掛則最穩但需牆面條件。你更傾向桌夾還是壁掛？""}]}]",桌夾就好,"這裡有兩款桌夾式雙螢幕支架可供比較，重視穩定度的話，我幫你整理如下：

1. JTCG 雙螢幕氣壓臂 Pro（支援至 32 吋）
- 承重範圍：每臂 2-9 公斤
- 適用螢幕尺寸：24-32 吋
- 桌厚適用範圍：10-85 毫米
- 穩定度：氣壓臂設計，調整流暢且承重能力佳，適合一般雙螢幕使用
- 適合一般螢幕，超寬螢幕建議搭配強化背板

2. JTCG 超寬螢幕重載臂（至 49 吋）
- 承重範圍：每臂 5-18 公斤
- 適用螢幕尺寸：34-49 吋超寬曲面螢幕
- 桌厚適用範圍：20-90 毫米
- 穩定度：重載氣壓臂設計，適合較大較重的螢幕，穩定性更強
- 適合超寬曲面螢幕，需確認螢幕重量與 VESA 規格

如果你的螢幕尺寸在 24-32 吋且重量不超過 9 公斤，雙螢幕氣壓臂 Pro 是不錯的選擇，穩定且調整方便。若是使用較大或較重的超寬螢幕，則超寬螢幕重載臂會更穩固。

你可以告訴我你的螢幕尺寸和重量，我可以幫你更精準推薦。",,False,['R-4']
"[{""role"": ""user"", ""content"": [{""type"": ""text"", ""text"": ""我想先看訂單 ID，再指定要查哪一筆。""}]}, {""role"": ""assistant"", ""content"": [{""type"": ""text"", ""text"": ""收到，請提供 user_id，我會列出你的 order_id 清單供你選擇。""}]}]",u_777777,"你的訂單清單如下：
1. 訂單 ID: JTCG-202505-21073，日期: 2025-05-21，商品摘要: JTCG 壁掛式伸縮臂（至 34 吋）
2. 訂單 ID: JTCG-202508-15083，日期: 2025-08-15，商品摘要: JTCG 超寬螢幕重載臂（至 49 吋）

請告訴我你想查詢哪一筆訂單的詳細資訊？",,True,[]
"[{""role"": ""user"", ""content"": [{""type"": ""text"", ""text"": ""桌面空間小，臂架會不會卡到牆？有什麼建議配置？""}]}, {""role"": ""assistant"", ""content"": [{""type"": ""text"", ""text"": ""建議桌深≥60cm、後方留 10–15cm；可選伸縮臂或縮短臂展配置。要我依你的螢幕尺寸給配置建議嗎？""}]}]",螢幕 27 吋,"27 吋螢幕建議可以考慮以下臂架配置：
1. JTCG 單臂支架 Lite（至 27 吋），適合小型與輕量螢幕，桌面空間有限的使用者，臂展較短不易卡牆。
2. JTCG 雙螢幕氣壓臂 Pro（支援至 32 吋），如果有雙螢幕需求且桌面空間允許。

另外，桌面深度建議≥60cm，且螢幕後方留 10–15cm 空間，避免臂架卡到牆面。

需要我幫你推薦購買連結或其他配件嗎？",,False,['R-4']
"[{""role"": ""user"", ""content"": [{""type"": ""text"", ""text"": ""請問可否貨到付款？我不想刷卡。""}]}, {""role"": ""assistant"", ""content"": [{""type"": ""text"", ""text"": ""目前以信用卡與電子支付為主，貨到付款暫不提供。要我提供可用的支付方式列表嗎？""}]}]",提供列表,我們目前支援的付款方式包括信用卡（VISA / Master / JCB）、Apple Pay、Google Pay 和 LINE Pay。部分銀行還提供3、6、12期的分期付款服務。貨到付款目前尚未提供，請問還需要其他協助嗎？,,True,[]
"[{""role"": ""user"", ""content"": [{""type"": ""text"", ""text"": ""客服可以直接打電話給我嗎？不用 email。""}]}, {""role"": ""assistant"", ""content"": [{""type"": ""text"", ""text"": ""我可以協助轉真人，但需要你提供有效 Email 作為聯繫依據，再由客服與你安排。請提供 Email。""}]}]",phoneonly@noemail,抱歉，系統在轉接真人時發生錯誤。你可以嘗試稍後再提供 Email 或使用其他聯繫方式，我會盡力協助你。,,True,[]
"[{""role"": ""user"", ""content"": [{""type"": ""text"", ""text"": ""我不確定要買哪款，你可以問我幾個問題幫我選嗎？""}]}, {""role"": ""assistant"", ""content"": [{""type"": ""text"", ""text"": ""當然可以！請先告訴我：螢幕尺寸/重量、VESA 規格、是否要雙螢幕、桌板材質與厚度？""}]}]",27 吋、約 4.5 公斤、100x100、單螢幕、木桌 30mm,抱歉，我剛剛輸入桌厚的參數有誤。請問您的桌板厚度是 30 毫米嗎？還是有其他厚度範圍？另外，您對於價格或品牌有特別的偏好嗎？,,True,[]
"[{""role"": ""user"", ""content"": [{""type"": ""text"", ""text"": ""我想買 JTCG-LAPTOP-VESA-KIT，能搭配哪些臂架？""}]}, {""role"": ""assistant"", ""content"": [{""type"": ""text"", ""text"": ""任何支援 75x75/100x100 VESA 的臂架都能搭配；要我推薦單臂與雙臂各一款嗎？""}]}]",好，各一款,"推薦您以下兩款臂架搭配 JTCG-LAPTOP-VESA-KIT：

1. 單臂款：
   - 名稱：JTCG 單臂支架 Lite（支援至 27 吋）
   - 特點：適合小型與輕量螢幕，桌面空間有限者使用
   - 連結：https://example.com/jtcg/p/JTCG-ARM-SINGLE-LITE-27
   - 圖片：https://example.com/jtcg/img/products/single_lite_27.png

2. 雙臂款：
   - 名稱：JTCG 雙螢幕氣壓臂 Pro（支援至 32 吋）
   - 特點：一般 24~32 吋皆可，超寬螢幕建議使用強化背板
   - 連結：https://example.com/jtcg/p/JTCG-ARM-DUAL-PRO-32
   - 圖片：https://example.com/jtcg/img/products/dual_pro_32.png

這兩款臂架皆支援 75x75 和 100x100 VESA 標準，能與 JTCG-LAPTOP-VESA-KIT 搭配使用。您需要我幫您下單或提供更多資訊嗎？",,True,[]
"[{""role"": ""user"", ""content"": [{""type"": ""text"", ""text"": ""請問走線管理組合裡面有托盤嗎？""}]}, {""role"": ""assistant"", ""content"": [{""type"": ""text"", ""text"": ""組合含走線套管、束線帶與桌下托盤。要我貼商品頁給你嗎？""}]}]",貼上來,"走線管理組合裡面有包含桌下托盤。以下是商品資訊：
- 名稱：JTCG 桌面走線管理組
- 內容物：走線套管、魔鬼氈束線帶、桌下托盤
- 商品頁連結：[點此查看](https://example.com/jtcg/p/JTCG-CABLE-MGMT-KIT)
- 圖片：
  ![桌面走線管理組](https://example.com/jtcg/img/products/cable_mgmt.png)

如果需要更多資訊或其他產品介紹，請告訴我！",,True,[]
"[{""role"": ""user"", ""content"": [{""type"": ""text"", ""text"": ""我想追蹤訂單，但忘了編號怎麼辦？""}]}, {""role"": ""assistant"", ""content"": [{""type"": ""text"", ""text"": ""沒關係，你提供 user_id，我會列出你的 order_id 清單，之後你再指定要查的一筆。""}]}]",user_id = u_333333,"你有兩筆訂單：
1. 訂單編號 JTCG-202508-14011，訂購商品為 JTCG 雙螢幕氣壓臂 Pro（支援至 32 吋），下單日期為 2025-08-14。
2. 訂單編號 JTCG-202507-30021，訂購商品為 JTCG 壁掛式伸縮臂（至 34 吋），下單日期為 2025-07-30。

請告訴我你想追蹤哪一筆訂單？",,True,[]
"[{""role"": ""user"", ""content"": [{""type"": ""text"", ""text"": ""我剛剛付款失敗，怕重複扣款，怎麼確認？""}]}, {""role"": ""assistant"", ""content"": [{""type"": ""text"", ""text"": ""建議稍後重新整理訂單頁並留意銀行通知；若有疑慮可提供 user_id，我協助查看訂單狀態或轉客服協助。""}]}]",我先等等看,好的，如果您之後有任何問題或需要協助，隨時告訴我，我會幫您處理。祝您順利完成訂購！,,True,[]
"[{""role"": ""user"", ""content"": [{""type"": ""text"", ""text"": ""可以提供到貨通知的步驟嗎？我怕搶不到貨。""}]}, {""role"": ""assistant"", ""content"": [{""type"": ""text"", ""text"": ""在商品頁點「到貨通知我」，登入後填寫 Email 即可。要我直接帶你到該商品頁嗎？""}]}]",帶我去 JTCG-ARM-ULTRAWIDE-49,"這是 JTCG 超寬螢幕重載臂（至 49 吋）的商品頁面，你可以點擊以下連結進入並點選「到貨通知我」填寫 Email：

[JTCG 超寬螢幕重載臂（至 49 吋）](https://example.com/jtcg/p/JTCG-ARM-ULTRAWIDE-49)

如果你需要其他協助，也可以告訴我！",,True,[]
"[{""role"": ""user"", ""content"": [{""type"": ""text"", ""text"": ""我想先問問品牌保固條款，太長不想看全文。可以摘要嗎？""}]}, {""role"": ""assistant"", ""content"": [{""type"": ""text"", ""text"": ""重點：臂架 1 年有限保固；非人為損壞可送檢維修；申請需訂單或發票資訊。要完整條款連結嗎？""}]}]",有需要再說，謝謝,不客氣！如果之後有任何問題或需要幫助，隨時告訴我喔！祝您有美好的一天！,,True,[]
"[{""role"": ""user"", ""content"": [{""type"": ""text"", ""text"": ""我想直接看雙臂商品清單前三名就好，簡單比較即可。""}]}, {""role"": ""assistant"", ""content"": [{""type"": ""text"", ""text"": ""可以，我會列出 3 款並說明關鍵差異與連結。先說你的螢幕尺寸與 VESA 規格？""}]}]",27 吋，100x100,"以下是符合 27 吋、100x100 VESA 規格的雙臂商品前三名：

1. JTCG 雙螢幕氣壓臂 Pro（支援至 32 吋）
   - 支援尺寸：24–32 吋
   - 承重範圍：2-9 公斤
   - 桌厚適用：10-85 毫米
   - 特點：氣壓式，調整靈活，適合一般雙螢幕使用
   - 連結：https://example.com/jtcg/p/JTCG-ARM-DUAL-PRO-32

2. JTCG 壁掛式伸縮臂（至 34 吋）
   - 支援尺寸：至 34 吋
   - 承重範圍：2-12 公斤
   - 桌厚適用：未特別限制，但需牆面承重
   - 特點：壁掛式，節省桌面空間，需牆面安裝
   - 連結：https://example.com/jtcg/p/JTCG-WALL-ARM-34

3. JTCG 單臂支架 Lite（至 27 吋）【單臂非雙臂，僅供參考】
   - 支援尺寸：至 27 吋
   - 承重範圍：1-6 公斤
   - 桌厚適用：10-70 毫米
   - 特點：機械式單臂，適合輕量螢幕與有限桌面空間
   - 連結：https://example.com/jtcg/p/JTCG-ARM-SINGLE-LITE-27

前三名中，雙臂選擇主要是氣壓臂 Pro 與壁掛式伸縮臂，前者適合桌面使用，後者適合牆面安裝。需要我幫你比較兩款雙臂的詳細差異嗎？",,False,['R-3']
"[{""role"": ""user"", ""content"": [{""type"": ""text"", ""text"": ""請幫我轉真人，出貨一直沒更新，很著急。""}]}, {""role"": ""assistant"", ""content"": [{""type"": ""text"", ""text"": ""理解你的狀況，為了轉接真人客服，請提供可聯絡的 Email（例如 name@example.com）。""}]}]",urgent@now.me,已為您轉接真人客服，請稍候，他們會盡快與您聯繫協助處理出貨問題。,,True,[]
"[{""role"": ""user"", ""content"": [{""type"": ""text"", ""text"": ""想問一下，臂架可承重 18 公斤的是哪款？有嗎？""}]}, {""role"": ""assistant"", ""content"": [{""type"": ""text"", ""text"": ""重載需求可看「超寬螢幕重載臂（至 49 吋）」；承重區間約 5–18 kg。要我貼商品頁嗎？""}]}]",貼上,"這是承重約 18 公斤的臂架商品：
[JTCG 超寬螢幕重載臂（至 49 吋）](https://example.com/jtcg/p/JTCG-ARM-ULTRAWIDE-49)
適用 34–49 吋超寬曲面螢幕，建議確認重量與 VESA 規格。
您可以點擊連結查看商品詳情與購買。需要我幫您比較其他款式或有其他需求嗎？",,True,[]
"[{""role"": ""user"", ""content"": [{""type"": ""text"", ""text"": ""我想把客服轉給真人（human agent），謝謝。""}]}, {""role"": ""assistant"", ""content"": [{""type"": ""text"", ""text"": ""沒問題，請提供你的 Email，我就會為你轉接真人客服。""}]}]",me@hello.world,已經為您轉接真人客服，請稍候，感謝您的耐心等待！如果還有其他問題，也歡迎隨時告訴我。,,True,[]
"[{""role"": ""user"", ""content"": [{""type"": ""text"", ""text"": ""能不能給我壁掛臂的伸縮距離資訊？""}]}, {""role"": ""assistant"", ""content"": [{""type"": ""text"", ""text"": ""壁掛式伸縮臂伸展約 500mm，請確認牆面材質與承重。需要商品頁與安裝指南嗎？""}]}]",兩個都要,"以下是壁掛臂的相關資訊：

商品推薦：
- JTCG 壁掛式伸縮臂（支援至 34 吋）
  - 伸縮距離約 500mm
  - 承重範圍 2-12 公斤
  - 支援 VESA 75x75、100x100
  - 需安裝於可承重的牆面，建議使用磚牆或實心牆面，若為石膏板需搭配專用膨脹螺絲或請專業安裝
  - 商品連結：[JTCG 壁掛式伸縮臂](https://example.com/jtcg/p/JTCG-WALL-ARM-34)

安裝指南重點：
- 建議安裝於磚牆或實心牆面，承重能力需先評估
- 石膏板牆面需使用膨脹螺絲或請專業人員安裝
- 包含壁掛臂本體、螺絲、穿孔配件、六角扳手及 VESA 螺絲組
- 建議桌面深度至少 60cm，桌面後方保留 10-15cm 空間以利走線與壁掛臂活動

需要我幫您安排購買或提供更詳細的安裝手冊嗎？",,False,['R-4']
"[{""role"": ""user"", ""content"": [{""type"": ""text"", ""text"": ""如果我今天下單，最快什麼時候會出貨？台北市""}]}, {""role"": ""assistant"", ""content"": [{""type"": ""text"", ""text"": ""現貨一般 1–2 個工作天出貨；實際依倉別與物流排程。要我幫你確認某個 SKU 的現貨狀態嗎？""}]}]",JTCG-ARM-DUAL-PRO-32,JTCG 雙螢幕氣壓臂 Pro（支援至 32 吋）（SKU: JTCG-ARM-DUAL-PRO-32）一般 1–2 個工作天出貨，實際出貨時間會依倉庫庫存與物流排程而定。如果你今天下單，最快可能在1至2個工作天內出貨到台北市。需要我幫你確認目前的庫存狀態嗎？,,False,['R-1']
"[{""role"": ""user"", ""content"": [{""type"": ""text"", ""text"": ""需要我先提供什麼資訊，你才查得到我的訂單？""}]}, {""role"": ""assistant"", ""content"": [{""type"": ""text"", ""text"": ""請提供 user_id。我會列出你的 order_id 清單，你再指定要查的一筆即可。""}]}]",user id 是 u_123456,"你的訂單有兩筆：
1. 訂單編號 JTCG-202508-10001，商品是 JTCG 雙螢幕氣壓臂 Pro（支援至 32 吋），下單日期 2025-08-10。
2. 訂單編號 JTCG-202507-09012，商品是 JTCG 單臂支架 Lite（至 27 吋），下單日期 2025-07-22。

請告訴我你想查詢哪一筆訂單的詳細資訊？",,True,[]
"[{""role"": ""user"", ""content"": [{""type"": ""text"", ""text"": ""請推薦我桌面很小、需要靠牆的配置，用單臂或壁掛都行。""}]}, {""role"": ""assistant"", ""content"": [{""type"": ""text"", ""text"": ""若可鑽牆，壁掛最省空間；若不行，可選短臂或小行程單臂並預留 10–15cm 牆距。你偏好哪一種？""}]}]",先看壁掛,目前我們的產品目錄中沒有壁掛式的顯示器支架。不過，我可以幫您找尋適合小桌面且靠牆使用的單臂支架，您需要我幫您推薦嗎？另外，請問您的顯示器尺寸和重量大約是多少？這樣我能更精準地為您挑選合適的產品。,,True,[]
"[{""role"": ""user"", ""content"": [{""type"": ""text"", ""text"": ""我想用英文問問題，ok 嗎？""}]}, {""role"": ""assistant"", ""content"": [{""type"": ""text"", ""text"": ""Sure—feel free to ask in English, and I’ll reply in English as well.""}]}]","What mounts fit a 32"" 100x100 monitor?","For a 32"" monitor with a 100x100 VESA mount, here are some compatible mounts:

1. JTCG Dual Monitor Gas Spring Arm Pro (supports up to 32"") - Suitable for general 24–32 inch monitors; for ultrawide screens, reinforced backplate is recommended.
   [Product Link](https://example.com/jtcg/p/JTCG-ARM-DUAL-PRO-32)

2. JTCG Wall Mount Extendable Arm (supports up to 34"") - Requires a wall that can bear weight; expansion screws and a level are recommended for installation.
   [Product Link](https://example.com/jtcg/p/JTCG-WALL-ARM-34)

Additionally, there is a laptop tray with VESA adapter kit that can be used with any VESA-compatible monitor arm.

If you want, I can provide more details or help you choose based on your desk setup.",,True,[]
"[{""role"": ""user"", ""content"": [{""type"": ""text"", ""text"": ""單臂與氣壓臂差在哪？我在意調整順暢度。""}]}, {""role"": ""assistant"", ""content"": [{""type"": ""text"", ""text"": ""氣壓臂調整更順、可懸停；機械單臂較基本但穩定。若常調整高度，建議選氣壓臂。要看範例款式嗎？""}]}]",好，給我,目前我們這邊沒有氣壓臂的款式。您還需要我幫您找其他類型的單臂產品嗎？或者有其他需求也可以告訴我。,,True,[]
"[{""role"": ""user"", ""content"": [{""type"": ""text"", ""text"": ""如果我要把筆電也掛起來，會不會太重？""}]}, {""role"": ""assistant"", ""content"": [{""type"": ""text"", ""text"": ""請確認臂架承重範圍與托盤重量；多數氣壓臂可支援一般筆電重量。你的筆電約幾公斤？""}]}]",大概 1.6 公斤,目前我們的產品目錄中沒有專門標示為筆電支架的臂架。不過，一般氣壓臂架通常可以支撐1.6公斤的筆電。建議您確認臂架的最大承重能力，並選擇帶有筆電托盤或適合放置筆電的配件，以確保安全穩固。您需要我幫您找尋適合放筆電的臂架或配件嗎？,,False,['R-4']
"[{""role"": ""user"", ""content"": [{""type"": ""text"", ""text"": ""我想看之前所有訂單的 order_id 清單。""}]}, {""role"": ""assistant"", ""content"": [{""type"": ""text"", ""text"": ""請提供 user_id，我會列出你的 order_id 清單，你再指定要查的那一筆。""}]}]",u_222222,"你的訂單 order_id 清單如下：
1. JTCG-202508-12005，訂購日期：2025-08-12，商品摘要：JTCG 超寬螢幕重載臂（至 49 吋）
2. JTCG-202506-05077，訂購日期：2025-06-05，商品摘要：JTCG 單臂支架 Lite（至 27 吋）

請問你想查看哪一筆訂單的詳細資訊？",,True,[]
"[{""role"": ""user"", ""content"": [{""type"": ""text"", ""text"": ""桌板只有 15mm，夾具會穩嗎？需要加強嗎？""}]}, {""role"": ""assistant"", ""content"": [{""type"": ""text"", ""text"": ""15mm 可用，多數夾具支援；建議加保護墊片並確認夾持力道。若不安心可改穿孔固定。要安裝建議嗎？""}]}]",給建議,"針對15mm桌板厚度的夾具安裝建議如下：

1. 使用適合薄桌板的夾具型號，確認產品規格支援15mm厚度。
2. 在夾具與桌板接觸面加裝保護墊片，避免桌板受損並增加摩擦力。
3. 安裝時確保夾具緊固到位，但避免過度用力造成桌板變形。
4. 若桌板材質較軟或不夠堅固，建議改用穿孔固定方式，透過螺絲直接固定，提升穩定性。
5. 定期檢查夾具緊固狀況，確保長期使用安全。

需要我幫您推薦適合15mm桌板的夾具產品嗎？",,True,[]
"[{""role"": ""user"", ""content"": [{""type"": ""text"", ""text"": ""我想讓螢幕垂直擺放做程式開發，哪款支援旋轉？""}]}, {""role"": ""assistant"", ""content"": [{""type"": ""text"", ""text"": ""多數臂架支援 ±90° 旋轉；以 27–32 吋常見。要我列出支持旋轉的推薦清單嗎？""}]}]",列出來,目前產品目錄中沒有特別標示支援旋轉功能的螢幕臂架。不過一般來說，多數螢幕臂架都支援螢幕旋轉功能，尤其是27至32吋的螢幕。您可以告訴我您的螢幕尺寸、重量和VESA孔距，我可以幫您找出適合且支援旋轉的螢幕臂架。,,False,['R-4']
"[{""role"": ""user"", ""content"": [{""type"": ""text"", ""text"": ""我想直接看重載臂，請挑一支最穩的給我。""}]}, {""role"": ""assistant"", ""content"": [{""type"": ""text"", ""text"": ""建議「超寬螢幕重載臂（至 49 吋）」；承重與相容性較佳。要商品頁與安裝注意事項嗎？""}]}]",兩個都要,目前我們的產品目錄中沒有標示為「重載臂」的商品。不過，我可以幫您找其他類型的穩固螢幕支架，或者您可以告訴我您的螢幕尺寸和重量，我幫您挑選最適合的支架。請問您需要嗎？,,False,"['R-4', 'R-5']"
"[{""role"": ""user"", ""content"": [{""type"": ""text"", ""text"": ""可以把客服轉真人嗎？我想談企業採購方案。""}]}, {""role"": ""assistant"", ""content"": [{""type"": ""text"", ""text"": ""沒問題，請提供你的 Email，我會把需求轉交專人聯繫你。""}]}]",corp@school.edu.tw,已為您轉接真人客服，稍後會有專人與您聯繫企業採購方案相關事宜。還有其他需要幫忙的嗎？,,True,[]
"[{""role"": ""user"", ""content"": [{""type"": ""text"", ""text"": ""商品頁寫免運，結帳還是顯示運費，是不是離島不適用？""}]}, {""role"": ""assistant"", ""content"": [{""type"": ""text"", ""text"": ""免運門檻適用本島；離島/外島運費另計，以結帳頁顯示為準。需要我幫你確認地址類別嗎？""}]}]",不用了，我知道了,好的，如有其他問題隨時告訴我！祝您購物愉快！,,True,[]
"[{""role"": ""user"", ""content"": [{""type"": ""text"", ""text"": ""你可以幫我查「JTCG-202507-30021」的訂單細節嗎？""}]}, {""role"": ""assistant"", ""content"": [{""type"": ""text"", ""text"": ""可以，請先提供 user_id，我會列出你的 order_id 清單讓你指認，之後再提供該筆詳情。""}]}]",我的 user_id 是 u_333333,"訂單「JTCG-202507-30021」的詳細資訊如下：
- 下單日期：2025-07-30
- 訂單狀態：已送達
- 運送承運商：T-EX
- 追蹤編號：TEX445566
- 預計到達日期：2025-08-03
- 商品明細：JTCG 壁掛式伸縮臂（至 34 吋） x 1
- 運送地址：台中市北屯區松竹路二段 120 號 6 樓
- 聯絡電話：0955-121-212

你也可以透過此連結查看訂單詳情：https://example.com/jtcg/o/JTCG-202507-30021

還需要我幫你查詢其他資訊嗎？",,False,"['R-1', 'R-3']"
"[{""role"": ""user"", ""content"": [{""type"": ""text"", ""text"": ""如果要申請 RMA，你們會來收件嗎？還是我自己寄？""}]}, {""role"": ""assistant"", ""content"": [{""type"": ""text"", ""text"": ""流程由客服提供指示，依情況安排收件或自行寄回。要我提供 RMA 申請入口嗎？""}]}]",好，提供,請問您需要申請哪一筆訂單的 RMA？請提供訂單編號或相關資訊，我可以幫您查詢並協助申請。,,True,[]
"[{""role"": ""user"", ""content"": [{""type"": ""text"", ""text"": ""請問我能不能看 3 個最推薦的單臂款式就好？""}]}, {""role"": ""assistant"", ""content"": [{""type"": ""text"", ""text"": ""可以，我會根據你的尺寸/重量/用途列 3 款。先告訴我螢幕尺寸與重量？""}]}]",32 吋，5 公斤左右,抱歉，我這邊查不到符合 32 吋、5 公斤左右的單臂款式。請問你是否願意提供更多條件或考慮其他款式？,,False,"['R-3', 'R-4']"
"[{""role"": ""user"", ""content"": [{""type"": ""text"", ""text"": ""我想知道你們是否有客服電話？想直接講。""}]}, {""role"": ""assistant"", ""content"": [{""type"": ""text"", ""text"": ""你可以先提供 Email，我把你的需求轉給真人客服，會再安排合適的聯繫方式與時間。""}]}]",mail@me.io,我已經幫您轉接給真人客服，他們會透過您提供的 Email 與您聯繫，安排合適的聯繫方式與時間。如果還有其他問題，也歡迎隨時告訴我！,,True,[]
"[{""role"": ""user"", ""content"": [{""type"": ""text"", ""text"": ""請問桌面常移動位置，臂架需要鎖得很緊嗎？會不會刮桌？""}]}, {""role"": ""assistant"", ""content"": [{""type"": ""text"", ""text"": ""建議使用保護墊片並適度鎖緊；搬動前先鬆開再重新固定可避免刮傷。要保護建議清單嗎？""}]}]",好，給清單,"以下是保護桌面避免刮傷的相關產品清單，您可以參考：

1. JTCG 雙螢幕氣壓臂 Pro（支援至 32 吋）
   - 適用一般 24–32 吋螢幕，超寬螢幕建議使用強化背板
   - 產品連結: https://example.com/jtcg/p/JTCG-ARM-DUAL-PRO-32

2. JTCG 單臂支架 Lite（至 27 吋）
   - 適合小型與輕量螢幕，桌面空間有限者適用
   - 產品連結: https://example.com/jtcg/p/JTCG-ARM-SINGLE-LITE-27

3. JTCG 超寬螢幕重載臂（至 49 吋）
   - 適用 34–49 吋超寬曲面螢幕，建議確認重量與 VESA
   - 產品連結: https://example.com/jtcg/p/JTCG-ARM-ULTRAWIDE-49

4. JTCG 筆電托盤＋VESA 轉接組
   - 可搭配任一支援 VESA 的螢幕臂使用，方便筆電固定
   - 產品連結: https://example.com/jtcg/p/JTCG-LAPTOP-VESA-KIT

5. JTCG 桌面走線管理組
   - 通用型走線整理配件，適合臂架與桌面配線收納
   - 產品連結: https://example.com/jtcg/p/JTCG-CABLE-MGMT-KIT

這些產品可以幫助您保護桌面，避免臂架移動時刮傷桌面。若需要，我也可以幫您推薦適合您螢幕尺寸與桌厚的臂架。",,False,['R-3']
